codigo,anio_escolar,grado,ausencias
20042003,2017-2018,10,2
20042015,2017-2018,10,0
20042020,2017-2018,10,0
20042030,2017-2018,10,0
20042034,2017-2018,10,0
20042049,2017-2018,10,9
20052001,2017-2018,10,11
20052002,2017-2018,10,0
20052005,2017-2018,10,0
20052007,2017-2018,10,4
20052008,2017-2018,10,6
20052011,2017-2018,10,3
20052012,2017-2018,10,0
20052013,2017-2018,10,3
20052016,2017-2018,10,12
20052018,2017-2018,10,0
20052019,2017-2018,10,5
20052020,2017-2018,10,0
20052021,2017-2018,10,0
20052023,2017-2018,10,0
20052024,2017-2018,10,0
20052025,2017-2018,10,8
20052028,2017-2018,10,2
20052029,2017-2018,10,6
20052031,2017-2018,10,9
20052032,2017-2018,10,0
20052033,2017-2018,10,8
20052034,2017-2018,10,0
20052035,2017-2018,10,0
20052036,2017-2018,10,11
20052037,2017-2018,10,1
20052038,2017-2018,10,0
20052039,2017-2018,10,0
20052040,2017-2018,10,0
20052041,2017-2018,10,0
20052042,2017-2018,10,0
20052043,2017-2018,10,13
20052044,2017-2018,10,3
20052045,2017-2018,10,1
20052047,2017-2018,10,11
20052049,2017-2018,10,0
20052063,2017-2018,10,11
20052068,2017-2018,10,0
20052069,2017-2018,10,0
20052070,2017-2018,10,10
20052072,2017-2018,10,9
20052092,2017-2018,10,16
20062062,2017-2018,10,0
20062138,2017-2018,10,9
20062139,2017-2018,10,0
20062140,2017-2018,10,0
20062141,2017-2018,10,2
20062142,2017-2018,10,5
20062143,2017-2018,10,8
20062144,2017-2018,10,1
20062146,2017-2018,10,0
20062147,2017-2018,10,19
20062194,2017-2018,10,0
20072241,2017-2018,10,14
20072249,2017-2018,10,4
20072261,2017-2018,10,4
20072268,2017-2018,10,2
20072278,2017-2018,10,0
20082301,2017-2018,10,7
20090158,2017-2018,10,16
20090164,2017-2018,10,0
20100277,2017-2018,10,0
20130078,2017-2018,10,5
20150365,2017-2018,10,0
20161101,2017-2018,10,4
20032005,2017-2018,11,3
20032035,2017-2018,11,3
20042001,2017-2018,11,0
20042004,2017-2018,11,3
20042005,2017-2018,11,0
20042006,2017-2018,11,3
20042009,2017-2018,11,1
20042011,2017-2018,11,0
20042012,2017-2018,11,4
20042014,2017-2018,11,5
20042016,2017-2018,11,8
20042017,2017-2018,11,5
20042023,2017-2018,11,4
20042024,2017-2018,11,9
20042025,2017-2018,11,6
20042026,2017-2018,11,0
20042028,2017-2018,11,6
20042029,2017-2018,11,0
20042033,2017-2018,11,0
20042035,2017-2018,11,0
20042036,2017-2018,11,12
20042037,2017-2018,11,8
20042038,2017-2018,11,7
20042041,2017-2018,11,0
20042042,2017-2018,11,0
20042043,2017-2018,11,0
20042045,2017-2018,11,3
20042046,2017-2018,11,3
20042047,2017-2018,11,10
20042050,2017-2018,11,0
20042052,2017-2018,11,0
20042053,2017-2018,11,4
20042077,2017-2018,11,0
20042079,2017-2018,11,14
20042080,2017-2018,11,0
20042087,2017-2018,11,12
20042090,2017-2018,11,19
20042157,2017-2018,11,0
20042158,2017-2018,11,0
20042162,2017-2018,11,14
20042166,2017-2018,11,6
20043031,2017-2018,11,0
20052150,2017-2018,11,0
20052151,2017-2018,11,0
20052152,2017-2018,11,2
20052153,2017-2018,11,0
20052154,2017-2018,11,13
20052155,2017-2018,11,9
20052156,2017-2018,11,10
20052157,2017-2018,11,7
20052159,2017-2018,11,3
20052161,2017-2018,11,2
20052162,2017-2018,11,4
20052271,2017-2018,11,0
20052282,2017-2018,11,2
20062259,2017-2018,11,9
20062260,2017-2018,11,13
20062294,2017-2018,11,0
20062351,2017-2018,11,14
20070170,2017-2018,11,19
20072364,2017-2018,11,1
20110401,2017-2018,11,3
20120093,2017-2018,11,0
20130062,2017-2018,11,6
20022028,2017-2018,12,0
20022049,2017-2018,12,2
20022098,2017-2018,12,0
20022099,2017-2018,12,0
20032002,2017-2018,12,4
20032003,2017-2018,12,0
20032004,2017-2018,12,0
20032006,2017-2018,12,0
20032007,2017-2018,12,0
20032013,2017-2018,12,14
20032021,2017-2018,12,1
20032023,2017-2018,12,2
20032026,2017-2018,12,1
20032027,2017-2018,12,0
20032028,2017-2018,12,0
20032029,2017-2018,12,3
20032034,2017-2018,12,7
20032036,2017-2018,12,4
20032039,2017-2018,12,6
20032040,2017-2018,12,0
20032041,2017-2018,12,0
20032043,2017-2018,12,0
20032044,2017-2018,12,0
20032046,2017-2018,12,5
20032052,2017-2018,12,6
20032054,2017-2018,12,0
20032055,2017-2018,12,5
20032057,2017-2018,12,17
20032058,2017-2018,12,0
20032063,2017-2018,12,6
20032065,2017-2018,12,20
20032067,2017-2018,12,0
20032068,2017-2018,12,0
20032070,2017-2018,12,9
20032072,2017-2018,12,0
20032077,2017-2018,12,4
20032080,2017-2018,12,22
20032082,2017-2018,12,4
20032095,2017-2018,12,0
20042076,2017-2018,12,10
20042085,2017-2018,12,0
20042156,2017-2018,12,10
20042159,2017-2018,12,1
20042163,2017-2018,12,0
20042164,2017-2018,12,9
20042165,2017-2018,12,10
20042167,2017-2018,12,11
20042168,2017-2018,12,2
20042169,2017-2018,12,1
20042181,2017-2018,12,8
20042186,2017-2018,12,0
20042215,2017-2018,12,0
20052366,2017-2018,12,0
20062365,2017-2018,12,0
20062393,2017-2018,12,1
20070273,2017-2018,12,3
20080261,2017-2018,12,8
20090348,2017-2018,12,0
20100485,2017-2018,12,3
20130081,2017-2018,12,16
20161147,2017-2018,12,2
20072051,2017-2018,7,0
20072059,2017-2018,7,0
20082001,2017-2018,7,1
20082002,2017-2018,7,9
20082003,2017-2018,7,0
20082004,2017-2018,7,26
20082005,2017-2018,7,4
20082006,2017-2018,7,11
20082008,2017-2018,7,1
20082009,2017-2018,7,2
20082010,2017-2018,7,5
20082011,2017-2018,7,0
20082012,2017-2018,7,15
20082013,2017-2018,7,0
20082014,2017-2018,7,12
20082016,2017-2018,7,0
20082017,2017-2018,7,12
20082018,2017-2018,7,0
20082021,2017-2018,7,0
20082022,2017-2018,7,0
20082023,2017-2018,7,0
20082025,2017-2018,7,2
20082026,2017-2018,7,11
20082027,2017-2018,7,2
20082028,2017-2018,7,0
20082047,2017-2018,7,5
20082048,2017-2018,7,9
20082049,2017-2018,7,11
20082051,2017-2018,7,0
20082052,2017-2018,7,0
20082053,2017-2018,7,8
20082098,2017-2018,7,0
20082136,2017-2018,7,9
20082140,2017-2018,7,17
20092101,2017-2018,7,4
20092102,2017-2018,7,14
20092126,2017-2018,7,20
20092127,2017-2018,7,2
20092128,2017-2018,7,4
20092130,2017-2018,7,0
20092131,2017-2018,7,5
20092132,2017-2018,7,0
20092133,2017-2018,7,16
20092144,2017-2018,7,19
20092153,2017-2018,7,12
20092159,2017-2018,7,1
20092175,2017-2018,7,5
20092181,2017-2018,7,1
20102269,2017-2018,7,0
20102276,2017-2018,7,11
20102283,2017-2018,7,4
20112303,2017-2018,7,0
20150353,2017-2018,7,0
20062001,2017-2018,8,0
20062017,2017-2018,8,5
20062030,2017-2018,8,0
20062073,2017-2018,8,5
20072001,2017-2018,8,0
20072002,2017-2018,8,0
20072003,2017-2018,8,0
20072004,2017-2018,8,0
20072005,2017-2018,8,8
20072007,2017-2018,8,0
20072008,2017-2018,8,0
20072009,2017-2018,8,0
20072010,2017-2018,8,0
20072011,2017-2018,8,0
20072013,2017-2018,8,0
20072014,2017-2018,8,2
20072015,2017-2018,8,7
20072016,2017-2018,8,6
20072017,2017-2018,8,1
20072018,2017-2018,8,2
20072019,2017-2018,8,0
20072020,2017-2018,8,0
20072021,2017-2018,8,0
20072022,2017-2018,8,5
20072023,2017-2018,8,0
20072024,2017-2018,8,5
20072026,2017-2018,8,2
20072050,2017-2018,8,14
20072052,2017-2018,8,0
20072053,2017-2018,8,4
20072054,2017-2018,8,2
20072058,2017-2018,8,0
20072062,2017-2018,8,0
20072063,2017-2018,8,0
20072129,2017-2018,8,0
20082131,2017-2018,8,0
20082132,2017-2018,8,1
20082133,2017-2018,8,0
20082134,2017-2018,8,3
20082135,2017-2018,8,0
20082138,2017-2018,8,1
20082139,2017-2018,8,0
20082142,2017-2018,8,19
20082143,2017-2018,8,2
20082154,2017-2018,8,2
20082156,2017-2018,8,11
20082157,2017-2018,8,0
20082159,2017-2018,8,2
20082172,2017-2018,8,4
20082174,2017-2018,8,0
20092236,2017-2018,8,9
20092252,2017-2018,8,7
20092256,2017-2018,8,0
20092269,2017-2018,8,0
20092280,2017-2018,8,10
20102278,2017-2018,8,0
20102301,2017-2018,8,2
20112302,2017-2018,8,5
20120097,2017-2018,8,4
20120105,2017-2018,8,9
20130063,2017-2018,8,0
20150375,2017-2018,8,0
20161097,2017-2018,8,0
20161132,2017-2018,8,5
20052014,2017-2018,9,1
20052017,2017-2018,9,0
20062002,2017-2018,9,0
20062004,2017-2018,9,0
20062005,2017-2018,9,0
20062006,2017-2018,9,0
20062007,2017-2018,9,13
20062008,2017-2018,9,6
20062010,2017-2018,9,0
20062011,2017-2018,9,2
20062012,2017-2018,9,5
20062013,2017-2018,9,4
20062014,2017-2018,9,0
20062015,2017-2018,9,0
20062018,2017-2018,9,0
20062019,2017-2018,9,11
20062020,2017-2018,9,5
20062021,2017-2018,9,0
20062022,2017-2018,9,0
20062024,2017-2018,9,4
20062025,2017-2018,9,0
20062028,2017-2018,9,0
20062029,2017-2018,9,14
20062031,2017-2018,9,0
20062032,2017-2018,9,0
20062033,2017-2018,9,0
20062034,2017-2018,9,21
20062037,2017-2018,9,0
20062053,2017-2018,9,17
20062061,2017-2018,9,0
20062087,2017-2018,9,0
20062193,2017-2018,9,5
20072128,2017-2018,9,9
20072130,2017-2018,9,8
20072132,2017-2018,9,0
20072136,2017-2018,9,9
20072137,2017-2018,9,0
20072138,2017-2018,9,0
20072139,2017-2018,9,5
20072140,2017-2018,9,0
20072157,2017-2018,9,0
20072160,2017-2018,9,2
20072242,2017-2018,9,2
20082141,2017-2018,9,7
20082245,2017-2018,9,0
20092272,2017-2018,9,0
20092355,2017-2018,9,0
20092374,2017-2018,9,0
20120084,2017-2018,9,0
20120092,2017-2018,9,4
20150366,2017-2018,9,3
20052014,2018-2019,10,0
20052017,2018-2019,10,0
20062002,2018-2019,10,0
20062004,2018-2019,10,16
20062005,2018-2019,10,0
20062006,2018-2019,10,0
20062007,2018-2019,10,18
20062008,2018-2019,10,12
20062010,2018-2019,10,0
20062011,2018-2019,10,4
20062012,2018-2019,10,6
20062013,2018-2019,10,4
20062014,2018-2019,10,0
20062015,2018-2019,10,0
20062018,2018-2019,10,3
20062019,2018-2019,10,9
20062020,2018-2019,10,7
20062021,2018-2019,10,0
20062022,2018-2019,10,0
20062024,2018-2019,10,7
20062025,2018-2019,10,0
20062028,2018-2019,10,1
20062029,2018-2019,10,22
20062031,2018-2019,10,0
20062032,2018-2019,10,0
20062033,2018-2019,10,0
20062034,2018-2019,10,0
20062037,2018-2019,10,0
20062053,2018-2019,10,19
20062087,2018-2019,10,0
20062193,2018-2019,10,4
20072128,2018-2019,10,5
20072130,2018-2019,10,15
20072132,2018-2019,10,0
20072136,2018-2019,10,13
20072137,2018-2019,10,0
20072138,2018-2019,10,0
20072139,2018-2019,10,16
20072140,2018-2019,10,0
20072157,2018-2019,10,0
20072160,2018-2019,10,8
20072242,2018-2019,10,9
20082141,2018-2019,10,5
20082245,2018-2019,10,3
20092272,2018-2019,10,3
20092355,2018-2019,10,0
20092374,2018-2019,10,0
20120084,2018-2019,10,0
20120092,2018-2019,10,8
20150366,2018-2019,10,2
20181181,2018-2019,10,0
20181195,2018-2019,10,9
20042003,2018-2019,11,2
20042012,2018-2019,11,7
20042015,2018-2019,11,0
20042020,2018-2019,11,0
20042030,2018-2019,11,0
20042034,2018-2019,11,8
20042049,2018-2019,11,9
20052001,2018-2019,11,10
20052002,2018-2019,11,7
20052005,2018-2019,11,6
20052007,2018-2019,11,7
20052008,2018-2019,11,9
20052011,2018-2019,11,2
20052012,2018-2019,11,0
20052013,2018-2019,11,12
20052016,2018-2019,11,0
20052018,2018-2019,11,0
20052019,2018-2019,11,0
20052020,2018-2019,11,0
20052021,2018-2019,11,0
20052023,2018-2019,11,4
20052024,2018-2019,11,0
20052025,2018-2019,11,19
20052028,2018-2019,11,0
20052029,2018-2019,11,11
20052031,2018-2019,11,4
20052032,2018-2019,11,0
20052033,2018-2019,11,6
20052034,2018-2019,11,1
20052035,2018-2019,11,13
20052036,2018-2019,11,4
20052037,2018-2019,11,6
20052038,2018-2019,11,0
20052039,2018-2019,11,0
20052040,2018-2019,11,0
20052041,2018-2019,11,0
20052042,2018-2019,11,3
20052043,2018-2019,11,12
20052044,2018-2019,11,5
20052045,2018-2019,11,0
20052047,2018-2019,11,12
20052049,2018-2019,11,23
20052063,2018-2019,11,23
20052068,2018-2019,11,0
20052069,2018-2019,11,0
20052070,2018-2019,11,7
20052072,2018-2019,11,0
20052092,2018-2019,11,0
20062062,2018-2019,11,0
20062138,2018-2019,11,15
20062139,2018-2019,11,0
20062140,2018-2019,11,0
20062141,2018-2019,11,3
20062142,2018-2019,11,9
20062143,2018-2019,11,2
20062144,2018-2019,11,9
20062146,2018-2019,11,0
20062147,2018-2019,11,14
20062194,2018-2019,11,0
20072241,2018-2019,11,13
20072249,2018-2019,11,24
20072261,2018-2019,11,0
20072268,2018-2019,11,0
20072278,2018-2019,11,0
20082301,2018-2019,11,3
20090158,2018-2019,11,20
20090164,2018-2019,11,4
20100277,2018-2019,11,1
20130078,2018-2019,11,5
20150365,2018-2019,11,6
20161101,2018-2019,11,1
20170174,2018-2019,11,0
20032005,2018-2019,12,4
20032035,2018-2019,12,0
20042001,2018-2019,12,0
20042004,2018-2019,12,2
20042005,2018-2019,12,0
20042006,2018-2019,12,3
20042009,2018-2019,12,7
20042011,2018-2019,12,0
20042014,2018-2019,12,11
20042016,2018-2019,12,0
20042017,2018-2019,12,6
20042023,2018-2019,12,4
20042024,2018-2019,12,15
20042025,2018-2019,12,11
20042026,2018-2019,12,4
20042028,2018-2019,12,9
20042029,2018-2019,12,0
20042033,2018-2019,12,6
20042035,2018-2019,12,0
20042036,2018-2019,12,10
20042037,2018-2019,12,14
20042038,2018-2019,12,5
20042041,2018-2019,12,0
20042042,2018-2019,12,0
20042043,2018-2019,12,0
20042045,2018-2019,12,16
20042046,2018-2019,12,3
20042047,2018-2019,12,7
20042050,2018-2019,12,0
20042052,2018-2019,12,0
20042053,2018-2019,12,19
20042077,2018-2019,12,0
20042079,2018-2019,12,5
20042080,2018-2019,12,1
20042087,2018-2019,12,5
20042090,2018-2019,12,5
20042157,2018-2019,12,0
20042158,2018-2019,12,18
20042162,2018-2019,12,9
20042166,2018-2019,12,12
20043031,2018-2019,12,0
20052150,2018-2019,12,0
20052151,2018-2019,12,4
20052152,2018-2019,12,0
20052153,2018-2019,12,5
20052154,2018-2019,12,8
20052155,2018-2019,12,0
20052156,2018-2019,12,19
20052157,2018-2019,12,2
20052159,2018-2019,12,8
20052161,2018-2019,12,5
20052162,2018-2019,12,6
20052271,2018-2019,12,0
20052282,2018-2019,12,4
20062259,2018-2019,12,10
20062260,2018-2019,12,5
20062294,2018-2019,12,0
20062351,2018-2019,12,13
20070170,2018-2019,12,10
20072364,2018-2019,12,1
20110401,2018-2019,12,12
20120093,2018-2019,12,0
20130062,2018-2019,12,10
20082005,2018-2019,7,6
20082015,2018-2019,7,9
20082019,2018-2019,7,5
20082020,2018-2019,7,1
20092001,2018-2019,7,0
20092002,2018-2019,7,5
20092005,2018-2019,7,0
20092006,2018-2019,7,1
20092007,2018-2019,7,19
20092008,2018-2019,7,1
20092009,2018-2019,7,1
20092010,2018-2019,7,9
20092011,2018-2019,7,8
20092012,2018-2019,7,17
20092013,2018-2019,7,0
20092014,2018-2019,7,12
20092015,2018-2019,7,0
20092016,2018-2019,7,6
20092018,2018-2019,7,4
20092020,2018-2019,7,0
20092021,2018-2019,7,0
20092022,2018-2019,7,5
20092024,2018-2019,7,0
20092025,2018-2019,7,0
20092026,2018-2019,7,6
20092027,2018-2019,7,14
20092028,2018-2019,7,4
20092037,2018-2019,7,15
20092040,2018-2019,7,0
20092041,2018-2019,7,4
20092042,2018-2019,7,0
20092043,2018-2019,7,18
20092045,2018-2019,7,0
20092054,2018-2019,7,0
20092060,2018-2019,7,15
20092070,2018-2019,7,0
20092073,2018-2019,7,29
20092171,2018-2019,7,4
20102106,2018-2019,7,0
20102107,2018-2019,7,4
20102115,2018-2019,7,6
20102119,2018-2019,7,4
20102122,2018-2019,7,5
20102133,2018-2019,7,3
20102135,2018-2019,7,6
20102137,2018-2019,7,0
20102139,2018-2019,7,9
20102141,2018-2019,7,10
20102144,2018-2019,7,15
20102145,2018-2019,7,2
20102146,2018-2019,7,1
20102148,2018-2019,7,14
20102152,2018-2019,7,0
20102156,2018-2019,7,0
20102157,2018-2019,7,4
20102158,2018-2019,7,0
20102163,2018-2019,7,0
20102165,2018-2019,7,22
20102169,2018-2019,7,12
20102182,2018-2019,7,0
20102186,2018-2019,7,0
20112201,2018-2019,7,0
20112202,2018-2019,7,4
20112204,2018-2019,7,0
20120070,2018-2019,7,6
20120096,2018-2019,7,0
20120106,2018-2019,7,6
20140073,2018-2019,7,0
20140075,2018-2019,7,1
20140078,2018-2019,7,0
20150354,2018-2019,7,0
20181119,2018-2019,7,0
20181182,2018-2019,7,1
20181189,2018-2019,7,11
20181192,2018-2019,7,9
20181205,2018-2019,7,0
20072051,2018-2019,8,0
20072059,2018-2019,8,0
20082001,2018-2019,8,4
20082002,2018-2019,8,17
20082003,2018-2019,8,0
20082004,2018-2019,8,8
20082006,2018-2019,8,0
20082008,2018-2019,8,5
20082009,2018-2019,8,2
20082010,2018-2019,8,10
20082011,2018-2019,8,0
20082012,2018-2019,8,19
20082013,2018-2019,8,0
20082014,2018-2019,8,17
20082016,2018-2019,8,0
20082017,2018-2019,8,7
20082018,2018-2019,8,0
20082021,2018-2019,8,0
20082022,2018-2019,8,0
20082023,2018-2019,8,0
20082025,2018-2019,8,0
20082026,2018-2019,8,14
20082027,2018-2019,8,4
20082028,2018-2019,8,0
20082047,2018-2019,8,5
20082048,2018-2019,8,7
20082049,2018-2019,8,13
20082051,2018-2019,8,0
20082052,2018-2019,8,0
20082053,2018-2019,8,3
20082098,2018-2019,8,21
20082136,2018-2019,8,11
20082140,2018-2019,8,0
20092101,2018-2019,8,16
20092102,2018-2019,8,0
20092126,2018-2019,8,16
20092127,2018-2019,8,14
20092128,2018-2019,8,10
20092130,2018-2019,8,0
20092131,2018-2019,8,5
20092132,2018-2019,8,0
20092133,2018-2019,8,12
20092144,2018-2019,8,19
20092153,2018-2019,8,0
20092159,2018-2019,8,3
20092175,2018-2019,8,0
20092181,2018-2019,8,6
20102269,2018-2019,8,2
20102276,2018-2019,8,14
20102283,2018-2019,8,6
20112303,2018-2019,8,0
20150353,2018-2019,8,0
20062001,2018-2019,9,0
20062017,2018-2019,9,4
20062030,2018-2019,9,0
20062073,2018-2019,9,4
20072001,2018-2019,9,0
20072002,2018-2019,9,0
20072003,2018-2019,9,0
20072004,2018-2019,9,0
20072005,2018-2019,9,2
20072007,2018-2019,9,0
20072008,2018-2019,9,0
20072009,2018-2019,9,12
20072010,2018-2019,9,0
20072011,2018-2019,9,0
20072013,2018-2019,9,0
20072014,2018-2019,9,0
20072015,2018-2019,9,2
20072016,2018-2019,9,8
20072017,2018-2019,9,1
20072018,2018-2019,9,16
20072019,2018-2019,9,0
20072020,2018-2019,9,0
20072021,2018-2019,9,0
20072022,2018-2019,9,9
20072023,2018-2019,9,8
20072024,2018-2019,9,16
20072026,2018-2019,9,0
20072050,2018-2019,9,15
20072052,2018-2019,9,15
20072053,2018-2019,9,2
20072054,2018-2019,9,9
20072058,2018-2019,9,0
20072062,2018-2019,9,0
20072063,2018-2019,9,0
20072129,2018-2019,9,12
20082131,2018-2019,9,0
20082132,2018-2019,9,5
20082133,2018-2019,9,0
20082134,2018-2019,9,6
20082135,2018-2019,9,0
20082138,2018-2019,9,1
20082142,2018-2019,9,20
20082143,2018-2019,9,21
20082154,2018-2019,9,4
20082156,2018-2019,9,12
20082157,2018-2019,9,0
20082159,2018-2019,9,2
20082172,2018-2019,9,4
20082174,2018-2019,9,3
20092236,2018-2019,9,8
20092256,2018-2019,9,2
20092269,2018-2019,9,0
20092280,2018-2019,9,20
20102278,2018-2019,9,0
20102301,2018-2019,9,4
20112302,2018-2019,9,6
20120097,2018-2019,9,7
20120105,2018-2019,9,8
20130063,2018-2019,9,0
20150375,2018-2019,9,0
20161097,2018-2019,9,0
20161132,2018-2019,9,3
20170173,2018-2019,9,4
20181206,2018-2019,9,0
20181207,2018-2019,9,3
20062001,2019-2020,10,0
20062017,2019-2020,10,0
20062030,2019-2020,10,0
20062073,2019-2020,10,0
20072001,2019-2020,10,0
20072002,2019-2020,10,0
20072003,2019-2020,10,0
20072004,2019-2020,10,0
20072005,2019-2020,10,6
20072007,2019-2020,10,3
20072008,2019-2020,10,0
20072009,2019-2020,10,4
20072010,2019-2020,10,2
20072011,2019-2020,10,4
20072013,2019-2020,10,0
20072014,2019-2020,10,0
20072015,2019-2020,10,3
20072016,2019-2020,10,2
20072017,2019-2020,10,6
20072018,2019-2020,10,5
20072019,2019-2020,10,0
20072020,2019-2020,10,0
20072021,2019-2020,10,3
20072022,2019-2020,10,0
20072023,2019-2020,10,11
20072024,2019-2020,10,7
20072026,2019-2020,10,1
20072050,2019-2020,10,16
20072052,2019-2020,10,3
20072053,2019-2020,10,1
20072054,2019-2020,10,5
20072058,2019-2020,10,5
20072062,2019-2020,10,2
20072063,2019-2020,10,0
20072129,2019-2020,10,2
20082131,2019-2020,10,0
20082132,2019-2020,10,1
20082133,2019-2020,10,0
20082134,2019-2020,10,4
20082135,2019-2020,10,0
20082138,2019-2020,10,0
20082142,2019-2020,10,19
20082143,2019-2020,10,9
20082154,2019-2020,10,2
20082156,2019-2020,10,15
20082157,2019-2020,10,8
20082159,2019-2020,10,1
20082172,2019-2020,10,5
20082174,2019-2020,10,9
20092236,2019-2020,10,7
20092256,2019-2020,10,2
20092269,2019-2020,10,0
20092280,2019-2020,10,6
20102278,2019-2020,10,0
20102301,2019-2020,10,7
20112302,2019-2020,10,10
20120097,2019-2020,10,0
20120105,2019-2020,10,3
20130063,2019-2020,10,11
20150375,2019-2020,10,4
20161097,2019-2020,10,9
20161132,2019-2020,10,3
20170173,2019-2020,10,2
20181206,2019-2020,10,0
20181207,2019-2020,10,3
20181208,2019-2020,10,1
20191098,2019-2020,10,0
20191189,2019-2020,10,3
20191192,2019-2020,10,5
20052014,2019-2020,11,9
20052017,2019-2020,11,0
20062002,2019-2020,11,0
20062004,2019-2020,11,24
20062005,2019-2020,11,0
20062006,2019-2020,11,3
20062007,2019-2020,11,8
20062008,2019-2020,11,1
20062010,2019-2020,11,6
20062011,2019-2020,11,4
20062012,2019-2020,11,0
20062013,2019-2020,11,0
20062014,2019-2020,11,0
20062015,2019-2020,11,1
20062018,2019-2020,11,16
20062019,2019-2020,11,6
20062020,2019-2020,11,2
20062021,2019-2020,11,0
20062022,2019-2020,11,0
20062024,2019-2020,11,2
20062025,2019-2020,11,0
20062028,2019-2020,11,1
20062029,2019-2020,11,7
20062031,2019-2020,11,0
20062032,2019-2020,11,4
20062033,2019-2020,11,1
20062034,2019-2020,11,0
20062037,2019-2020,11,0
20062053,2019-2020,11,10
20062087,2019-2020,11,0
20062193,2019-2020,11,3
20072128,2019-2020,11,8
20072130,2019-2020,11,3
20072132,2019-2020,11,0
20072136,2019-2020,11,6
20072137,2019-2020,11,0
20072138,2019-2020,11,0
20072139,2019-2020,11,12
20072140,2019-2020,11,0
20072157,2019-2020,11,0
20072160,2019-2020,11,7
20082141,2019-2020,11,1
20082245,2019-2020,11,1
20092272,2019-2020,11,3
20092355,2019-2020,11,0
20092374,2019-2020,11,0
20120084,2019-2020,11,2
20120092,2019-2020,11,13
20150366,2019-2020,11,5
20181181,2019-2020,11,9
20181195,2019-2020,11,8
20042003,2019-2020,12,0
20042012,2019-2020,12,2
20042015,2019-2020,12,10
20042020,2019-2020,12,0
20042030,2019-2020,12,0
20042034,2019-2020,12,25
20042049,2019-2020,12,4
20052001,2019-2020,12,8
20052002,2019-2020,12,5
20052005,2019-2020,12,0
20052007,2019-2020,12,6
20052008,2019-2020,12,1
20052010,2019-2020,12,1
20052011,2019-2020,12,2
20052012,2019-2020,12,0
20052013,2019-2020,12,2
20052016,2019-2020,12,0
20052018,2019-2020,12,0
20052019,2019-2020,12,1
20052020,2019-2020,12,0
20052021,2019-2020,12,0
20052023,2019-2020,12,4
20052024,2019-2020,12,0
20052025,2019-2020,12,0
20052028,2019-2020,12,11
20052029,2019-2020,12,1
20052031,2019-2020,12,9
20052032,2019-2020,12,0
20052033,2019-2020,12,6
20052034,2019-2020,12,6
20052035,2019-2020,12,9
20052036,2019-2020,12,0
20052037,2019-2020,12,2
20052038,2019-2020,12,0
20052039,2019-2020,12,0
20052040,2019-2020,12,1
20052041,2019-2020,12,0
20052042,2019-2020,12,5
20052043,2019-2020,12,0
20052044,2019-2020,12,0
20052045,2019-2020,12,1
20052047,2019-2020,12,6
20052049,2019-2020,12,6
20052068,2019-2020,12,0
20052069,2019-2020,12,0
20052070,2019-2020,12,0
20052072,2019-2020,12,0
20052092,2019-2020,12,0
20062062,2019-2020,12,9
20062138,2019-2020,12,3
20062139,2019-2020,12,0
20062140,2019-2020,12,2
20062141,2019-2020,12,2
20062142,2019-2020,12,3
20062143,2019-2020,12,5
20062144,2019-2020,12,2
20062146,2019-2020,12,0
20062147,2019-2020,12,9
20062194,2019-2020,12,0
20072241,2019-2020,12,6
20072249,2019-2020,12,8
20072261,2019-2020,12,1
20072268,2019-2020,12,4
20082301,2019-2020,12,5
20090158,2019-2020,12,0
20090164,2019-2020,12,21
20100277,2019-2020,12,4
20130078,2019-2020,12,0
20150365,2019-2020,12,1
20161101,2019-2020,12,1
20170174,2019-2020,12,0
20181209,2019-2020,12,1
20102001,2019-2020,7,0
20102002,2019-2020,7,0
20102004,2019-2020,7,3
20102005,2019-2020,7,0
20102008,2019-2020,7,0
20102010,2019-2020,7,9
20102011,2019-2020,7,1
20102012,2019-2020,7,0
20102013,2019-2020,7,0
20102014,2019-2020,7,10
20102017,2019-2020,7,0
20102018,2019-2020,7,8
20102020,2019-2020,7,3
20102021,2019-2020,7,20
20102023,2019-2020,7,2
20102024,2019-2020,7,6
20102025,2019-2020,7,1
20102026,2019-2020,7,0
20102027,2019-2020,7,2
20102028,2019-2020,7,1
20102029,2019-2020,7,0
20102030,2019-2020,7,15
20102034,2019-2020,7,0
20102038,2019-2020,7,8
20102042,2019-2020,7,8
20102047,2019-2020,7,1
20102049,2019-2020,7,0
20102050,2019-2020,7,0
20102051,2019-2020,7,2
20102053,2019-2020,7,7
20102059,2019-2020,7,0
20102060,2019-2020,7,3
20102064,2019-2020,7,11
20102066,2019-2020,7,0
20102067,2019-2020,7,0
20102071,2019-2020,7,2
20112101,2019-2020,7,0
20112103,2019-2020,7,3
20112104,2019-2020,7,4
20112105,2019-2020,7,6
20112107,2019-2020,7,13
20112108,2019-2020,7,1
20112110,2019-2020,7,1
20112111,2019-2020,7,3
20112112,2019-2020,7,3
20112113,2019-2020,7,4
20112114,2019-2020,7,0
20112116,2019-2020,7,10
20112117,2019-2020,7,7
20112118,2019-2020,7,15
20112119,2019-2020,7,7
20112120,2019-2020,7,9
20112121,2019-2020,7,0
20112123,2019-2020,7,9
20112124,2019-2020,7,0
20112125,2019-2020,7,15
20120102,2019-2020,7,8
20120111,2019-2020,7,0
20130051,2019-2020,7,7
20130079,2019-2020,7,1
20140062,2019-2020,7,1
20150094,2019-2020,7,0
20161140,2019-2020,7,0
20170170,2019-2020,7,8
20170181,2019-2020,7,0
20181130,2019-2020,7,0
20191079,2019-2020,7,2
20082005,2019-2020,8,2
20082015,2019-2020,8,9
20082019,2019-2020,8,5
20082020,2019-2020,8,6
20092001,2019-2020,8,0
20092005,2019-2020,8,4
20092006,2019-2020,8,4
20092007,2019-2020,8,18
20092008,2019-2020,8,2
20092009,2019-2020,8,5
20092010,2019-2020,8,6
20092011,2019-2020,8,0
20092012,2019-2020,8,7
20092013,2019-2020,8,0
20092014,2019-2020,8,11
20092015,2019-2020,8,0
20092016,2019-2020,8,6
20092017,2019-2020,8,1
20092018,2019-2020,8,1
20092020,2019-2020,8,0
20092021,2019-2020,8,3
20092022,2019-2020,8,6
20092024,2019-2020,8,1
20092025,2019-2020,8,0
20092026,2019-2020,8,2
20092027,2019-2020,8,13
20092028,2019-2020,8,2
20092037,2019-2020,8,1
20092040,2019-2020,8,0
20092041,2019-2020,8,4
20092042,2019-2020,8,0
20092043,2019-2020,8,4
20092045,2019-2020,8,1
20092054,2019-2020,8,0
20092060,2019-2020,8,2
20092070,2019-2020,8,0
20092073,2019-2020,8,1
20092171,2019-2020,8,5
20102106,2019-2020,8,2
20102107,2019-2020,8,4
20102115,2019-2020,8,9
20102119,2019-2020,8,1
20102122,2019-2020,8,1
20102135,2019-2020,8,2
20102137,2019-2020,8,0
20102139,2019-2020,8,0
20102141,2019-2020,8,1
20102144,2019-2020,8,7
20102145,2019-2020,8,2
20102146,2019-2020,8,1
20102148,2019-2020,8,6
20102152,2019-2020,8,0
20102156,2019-2020,8,0
20102157,2019-2020,8,7
20102158,2019-2020,8,0
20102163,2019-2020,8,0
20102165,2019-2020,8,5
20102169,2019-2020,8,0
20102182,2019-2020,8,0
20102186,2019-2020,8,8
20112201,2019-2020,8,0
20112202,2019-2020,8,0
20112204,2019-2020,8,0
20120070,2019-2020,8,6
20120096,2019-2020,8,3
20120106,2019-2020,8,5
20140073,2019-2020,8,0
20140075,2019-2020,8,1
20150354,2019-2020,8,6
20181119,2019-2020,8,0
20181182,2019-2020,8,1
20181189,2019-2020,8,4
20181192,2019-2020,8,0
20181205,2019-2020,8,0
20191172,2019-2020,8,12
20072051,2019-2020,9,0
20072059,2019-2020,9,0
20082001,2019-2020,9,8
20082002,2019-2020,9,0
20082003,2019-2020,9,0
20082004,2019-2020,9,24
20082006,2019-2020,9,0
20082008,2019-2020,9,3
20082009,2019-2020,9,0
20082010,2019-2020,9,0
20082011,2019-2020,9,2
20082012,2019-2020,9,14
20082013,2019-2020,9,7
20082014,2019-2020,9,17
20082016,2019-2020,9,2
20082017,2019-2020,9,1
20082018,2019-2020,9,2
20082021,2019-2020,9,0
20082022,2019-2020,9,0
20082023,2019-2020,9,0
20082025,2019-2020,9,7
20082026,2019-2020,9,4
20082027,2019-2020,9,0
20082028,2019-2020,9,0
20082047,2019-2020,9,3
20082048,2019-2020,9,3
20082049,2019-2020,9,10
20082051,2019-2020,9,14
20082052,2019-2020,9,1
20082053,2019-2020,9,2
20082098,2019-2020,9,9
20082136,2019-2020,9,9
20082140,2019-2020,9,0
20092101,2019-2020,9,7
20092102,2019-2020,9,0
20092126,2019-2020,9,0
20092127,2019-2020,9,7
20092128,2019-2020,9,9
20092130,2019-2020,9,0
20092131,2019-2020,9,9
20092132,2019-2020,9,0
20092133,2019-2020,9,9
20092144,2019-2020,9,10
20092153,2019-2020,9,0
20092159,2019-2020,9,4
20092175,2019-2020,9,0
20092181,2019-2020,9,7
20102269,2019-2020,9,3
20102276,2019-2020,9,4
20102283,2019-2020,9,1
20112303,2019-2020,9,0
20150353,2019-2020,9,0
20191094,2019-2020,9,7
20191097,2019-2020,9,4
20191190,2019-2020,9,0
20072051,2020-2021,10,0
20072059,2020-2021,10,0
20082001,2020-2021,10,0
20082002,2020-2021,10,0
20082003,2020-2021,10,0
20082004,2020-2021,10,0
20082006,2020-2021,10,0
20082008,2020-2021,10,5
20082009,2020-2021,10,0
20082010,2020-2021,10,0
20082011,2020-2021,10,0
20082012,2020-2021,10,0
20082013,2020-2021,10,0
20082014,2020-2021,10,0
20082016,2020-2021,10,0
20082017,2020-2021,10,0
20082018,2020-2021,10,0
20082021,2020-2021,10,0
20082022,2020-2021,10,0
20082023,2020-2021,10,0
20082025,2020-2021,10,0
20082026,2020-2021,10,0
20082027,2020-2021,10,0
20082028,2020-2021,10,0
20082047,2020-2021,10,0
20082048,2020-2021,10,0
20082049,2020-2021,10,0
20082051,2020-2021,10,1
20082052,2020-2021,10,0
20082053,2020-2021,10,0
20082098,2020-2021,10,0
20082136,2020-2021,10,0
20082140,2020-2021,10,0
20092101,2020-2021,10,0
20092102,2020-2021,10,0
20092126,2020-2021,10,0
20092127,2020-2021,10,0
20092128,2020-2021,10,0
20092130,2020-2021,10,0
20092131,2020-2021,10,0
20092132,2020-2021,10,0
20092133,2020-2021,10,0
20092144,2020-2021,10,0
20092153,2020-2021,10,0
20092159,2020-2021,10,0
20092175,2020-2021,10,0
20092181,2020-2021,10,0
20102269,2020-2021,10,3
20102276,2020-2021,10,0
20102283,2020-2021,10,0
20112303,2020-2021,10,0
20150353,2020-2021,10,0
20191094,2020-2021,10,0
20191097,2020-2021,10,0
20191190,2020-2021,10,0
20062001,2020-2021,11,0
20062017,2020-2021,11,0
20062030,2020-2021,11,0
20062073,2020-2021,11,0
20072001,2020-2021,11,0
20072002,2020-2021,11,0
20072003,2020-2021,11,0
20072004,2020-2021,11,0
20072005,2020-2021,11,0
20072007,2020-2021,11,1
20072008,2020-2021,11,0
20072009,2020-2021,11,0
20072010,2020-2021,11,24
20072011,2020-2021,11,0
20072013,2020-2021,11,0
20072014,2020-2021,11,0
20072015,2020-2021,11,0
20072016,2020-2021,11,0
20072017,2020-2021,11,0
20072018,2020-2021,11,0
20072019,2020-2021,11,0
20072020,2020-2021,11,1
20072021,2020-2021,11,0
20072022,2020-2021,11,0
20072023,2020-2021,11,0
20072024,2020-2021,11,0
20072026,2020-2021,11,0
20072050,2020-2021,11,0
20072052,2020-2021,11,6
20072053,2020-2021,11,0
20072054,2020-2021,11,0
20072058,2020-2021,11,0
20072062,2020-2021,11,0
20072063,2020-2021,11,0
20072129,2020-2021,11,0
20082131,2020-2021,11,0
20082132,2020-2021,11,0
20082133,2020-2021,11,0
20082134,2020-2021,11,0
20082135,2020-2021,11,0
20082138,2020-2021,11,0
20082139,2020-2021,11,0
20082142,2020-2021,11,0
20082143,2020-2021,11,0
20082154,2020-2021,11,0
20082156,2020-2021,11,0
20082157,2020-2021,11,21
20082159,2020-2021,11,0
20082172,2020-2021,11,0
20082174,2020-2021,11,0
20092236,2020-2021,11,0
20092256,2020-2021,11,0
20092269,2020-2021,11,0
20092280,2020-2021,11,0
20102278,2020-2021,11,0
20102301,2020-2021,11,0
20112302,2020-2021,11,0
20120097,2020-2021,11,0
20120105,2020-2021,11,0
20130063,2020-2021,11,0
20150375,2020-2021,11,0
20161097,2020-2021,11,0
20161132,2020-2021,11,0
20170173,2020-2021,11,8
20181206,2020-2021,11,0
20181207,2020-2021,11,0
20181208,2020-2021,11,0
20191098,2020-2021,11,0
20191189,2020-2021,11,0
20191192,2020-2021,11,0
20201075,2020-2021,11,0
20201099,2020-2021,11,0
20052014,2020-2021,12,0
20052017,2020-2021,12,0
20062002,2020-2021,12,0
20062004,2020-2021,12,2
20062005,2020-2021,12,0
20062006,2020-2021,12,8
20062007,2020-2021,12,1
20062008,2020-2021,12,0
20062010,2020-2021,12,44
20062011,2020-2021,12,0
20062012,2020-2021,12,0
20062013,2020-2021,12,0
20062014,2020-2021,12,0
20062015,2020-2021,12,0
20062018,2020-2021,12,0
20062019,2020-2021,12,0
20062020,2020-2021,12,0
20062021,2020-2021,12,0
20062022,2020-2021,12,0
20062024,2020-2021,12,0
20062025,2020-2021,12,0
20062028,2020-2021,12,0
20062029,2020-2021,12,0
20062031,2020-2021,12,0
20062032,2020-2021,12,1
20062033,2020-2021,12,1
20062034,2020-2021,12,0
20062037,2020-2021,12,0
20062053,2020-2021,12,0
20062087,2020-2021,12,0
20062193,2020-2021,12,0
20072128,2020-2021,12,0
20072130,2020-2021,12,0
20072132,2020-2021,12,0
20072136,2020-2021,12,0
20072137,2020-2021,12,0
20072138,2020-2021,12,0
20072139,2020-2021,12,0
20072140,2020-2021,12,0
20072157,2020-2021,12,0
20072160,2020-2021,12,1
20082141,2020-2021,12,0
20082245,2020-2021,12,0
20092272,2020-2021,12,0
20092355,2020-2021,12,0
20092374,2020-2021,12,0
20120084,2020-2021,12,0
20120092,2020-2021,12,0
20150366,2020-2021,12,0
20181181,2020-2021,12,0
20181195,2020-2021,12,0
20102031,2020-2021,7,0
20112002,2020-2021,7,0
20112003,2020-2021,7,0
20112005,2020-2021,7,0
20112006,2020-2021,7,0
20112007,2020-2021,7,0
20112008,2020-2021,7,0
20112009,2020-2021,7,0
20112010,2020-2021,7,0
20112012,2020-2021,7,0
20112014,2020-2021,7,0
20112016,2020-2021,7,0
20112017,2020-2021,7,0
20112018,2020-2021,7,0
20112019,2020-2021,7,0
20112020,2020-2021,7,0
20112022,2020-2021,7,0
20112023,2020-2021,7,0
20112025,2020-2021,7,0
20112027,2020-2021,7,0
20112028,2020-2021,7,0
20112029,2020-2021,7,0
20112030,2020-2021,7,1
20112032,2020-2021,7,0
20112033,2020-2021,7,0
20112034,2020-2021,7,0
20112036,2020-2021,7,0
20112037,2020-2021,7,1
20112038,2020-2021,7,0
20112040,2020-2021,7,3
20112042,2020-2021,7,0
20112043,2020-2021,7,0
20112044,2020-2021,7,0
20112045,2020-2021,7,0
20112046,2020-2021,7,0
20112047,2020-2021,7,5
20112048,2020-2021,7,0
20112049,2020-2021,7,0
20112050,2020-2021,7,0
20112052,2020-2021,7,0
20112053,2020-2021,7,0
20112054,2020-2021,7,0
20112055,2020-2021,7,0
20112056,2020-2021,7,2
20112058,2020-2021,7,3
20112061,2020-2021,7,0
20112065,2020-2021,7,0
20112066,2020-2021,7,0
20112124,2020-2021,7,0
20120067,2020-2021,7,2
20120073,2020-2021,7,0
20120074,2020-2021,7,0
20120075,2020-2021,7,0
20120077,2020-2021,7,0
20120080,2020-2021,7,0
20120081,2020-2021,7,0
20120085,2020-2021,7,7
20120089,2020-2021,7,0
20120112,2020-2021,7,0
20130066,2020-2021,7,0
20130082,2020-2021,7,1
20140061,2020-2021,7,0
20140062,2020-2021,7,0
20140076,2020-2021,7,0
20140081,2020-2021,7,0
20191099,2020-2021,7,0
20191101,2020-2021,7,0
20191102,2020-2021,7,0
20191193,2020-2021,7,0
20201098,2020-2021,7,0
20201103,2020-2021,7,1
20201107,2020-2021,7,0
20201113,2020-2021,7,0
20201114,2020-2021,7,0
20102001,2020-2021,8,0
20102002,2020-2021,8,0
20102003,2020-2021,8,7
20102004,2020-2021,8,5
20102005,2020-2021,8,0
20102008,2020-2021,8,1
20102010,2020-2021,8,0
20102011,2020-2021,8,0
20102012,2020-2021,8,0
20102013,2020-2021,8,0
20102014,2020-2021,8,0
20102016,2020-2021,8,0
20102017,2020-2021,8,0
20102018,2020-2021,8,0
20102020,2020-2021,8,0
20102021,2020-2021,8,0
20102023,2020-2021,8,0
20102024,2020-2021,8,1
20102025,2020-2021,8,0
20102026,2020-2021,8,0
20102027,2020-2021,8,0
20102028,2020-2021,8,0
20102029,2020-2021,8,0
20102030,2020-2021,8,5
20102034,2020-2021,8,0
20102038,2020-2021,8,0
20102042,2020-2021,8,0
20102047,2020-2021,8,0
20102049,2020-2021,8,0
20102050,2020-2021,8,0
20102051,2020-2021,8,0
20102053,2020-2021,8,0
20102059,2020-2021,8,0
20102060,2020-2021,8,0
20102064,2020-2021,8,1
20102066,2020-2021,8,0
20102067,2020-2021,8,0
20102071,2020-2021,8,0
20112101,2020-2021,8,0
20112103,2020-2021,8,0
20112104,2020-2021,8,3
20112105,2020-2021,8,0
20112107,2020-2021,8,0
20112108,2020-2021,8,0
20112110,2020-2021,8,0
20112111,2020-2021,8,0
20112112,2020-2021,8,0
20112113,2020-2021,8,0
20112114,2020-2021,8,0
20112116,2020-2021,8,0
20112117,2020-2021,8,0
20112118,2020-2021,8,0
20112119,2020-2021,8,0
20112120,2020-2021,8,0
20112121,2020-2021,8,0
20112123,2020-2021,8,0
20112125,2020-2021,8,2
20120102,2020-2021,8,0
20120111,2020-2021,8,0
20130051,2020-2021,8,0
20130079,2020-2021,8,0
20150094,2020-2021,8,0
20161140,2020-2021,8,0
20170170,2020-2021,8,0
20170181,2020-2021,8,0
20181130,2020-2021,8,0
20191079,2020-2021,8,0
20201077,2020-2021,8,0
20201100,2020-2021,8,0
20201102,2020-2021,8,0
20082005,2020-2021,9,0
20082015,2020-2021,9,0
20082019,2020-2021,9,0
20082020,2020-2021,9,0
20092001,2020-2021,9,0
20092005,2020-2021,9,4
20092006,2020-2021,9,0
20092007,2020-2021,9,0
20092008,2020-2021,9,0
20092009,2020-2021,9,0
20092010,2020-2021,9,2
20092011,2020-2021,9,0
20092012,2020-2021,9,0
20092013,2020-2021,9,0
20092014,2020-2021,9,0
20092015,2020-2021,9,0
20092016,2020-2021,9,0
20092018,2020-2021,9,0
20092020,2020-2021,9,0
20092021,2020-2021,9,0
20092022,2020-2021,9,0
20092024,2020-2021,9,8
20092025,2020-2021,9,0
20092026,2020-2021,9,0
20092027,2020-2021,9,0
20092028,2020-2021,9,0
20092037,2020-2021,9,0
20092040,2020-2021,9,0
20092041,2020-2021,9,0
20092042,2020-2021,9,0
20092043,2020-2021,9,0
20092045,2020-2021,9,1
20092054,2020-2021,9,0
20092060,2020-2021,9,0
20092070,2020-2021,9,2
20092073,2020-2021,9,0
20092171,2020-2021,9,0
20102106,2020-2021,9,0
20102107,2020-2021,9,0
20102115,2020-2021,9,0
20102119,2020-2021,9,0
20102122,2020-2021,9,0
20102135,2020-2021,9,1
20102137,2020-2021,9,0
20102139,2020-2021,9,0
20102141,2020-2021,9,0
20102144,2020-2021,9,0
20102145,2020-2021,9,0
20102146,2020-2021,9,0
20102148,2020-2021,9,0
20102152,2020-2021,9,0
20102156,2020-2021,9,0
20102157,2020-2021,9,1
20102158,2020-2021,9,0
20102163,2020-2021,9,0
20102165,2020-2021,9,0
20102169,2020-2021,9,0
20102182,2020-2021,9,0
20102186,2020-2021,9,3
20112201,2020-2021,9,0
20112202,2020-2021,9,0
20120070,2020-2021,9,0
20120096,2020-2021,9,0
20120106,2020-2021,9,4
20140073,2020-2021,9,0
20140075,2020-2021,9,0
20150354,2020-2021,9,0
20181119,2020-2021,9,0
20181182,2020-2021,9,0
20181189,2020-2021,9,0
20181192,2020-2021,9,0
20181205,2020-2021,9,0
20082005,2021-2022,10,13
20082015,2021-2022,10,3
20082019,2021-2022,10,2
20082020,2021-2022,10,3
20092001,2021-2022,10,2
20092005,2021-2022,10,15
20092006,2021-2022,10,6
20092007,2021-2022,10,14
20092008,2021-2022,10,10
20092009,2021-2022,10,6
20092010,2021-2022,10,15
20092011,2021-2022,10,4
20092012,2021-2022,10,23
20092013,2021-2022,10,0
20092014,2021-2022,10,5
20092015,2021-2022,10,0
20092016,2021-2022,10,2
20092018,2021-2022,10,2
20092020,2021-2022,10,22
20092021,2021-2022,10,2
20092022,2021-2022,10,3
20092025,2021-2022,10,19
20092026,2021-2022,10,0
20092027,2021-2022,10,0
20092028,2021-2022,10,6
20092037,2021-2022,10,1
20092040,2021-2022,10,0
20092041,2021-2022,10,10
20092042,2021-2022,10,0
20092043,2021-2022,10,9
20092045,2021-2022,10,33
20092054,2021-2022,10,7
20092060,2021-2022,10,9
20092070,2021-2022,10,12
20092073,2021-2022,10,5
20092171,2021-2022,10,6
20102106,2021-2022,10,0
20102107,2021-2022,10,0
20102115,2021-2022,10,5
20102122,2021-2022,10,3
20102135,2021-2022,10,4
20102137,2021-2022,10,5
20102139,2021-2022,10,0
20102141,2021-2022,10,13
20102144,2021-2022,10,0
20102145,2021-2022,10,2
20102146,2021-2022,10,4
20102148,2021-2022,10,6
20102152,2021-2022,10,13
20102156,2021-2022,10,9
20102157,2021-2022,10,13
20102158,2021-2022,10,0
20102163,2021-2022,10,25
20102169,2021-2022,10,0
20102182,2021-2022,10,4
20102186,2021-2022,10,9
20112201,2021-2022,10,7
20112202,2021-2022,10,5
20112204,2021-2022,10,10
20120070,2021-2022,10,1
20120096,2021-2022,10,2
20120106,2021-2022,10,0
20140073,2021-2022,10,0
20140075,2021-2022,10,20
20150354,2021-2022,10,6
20181119,2021-2022,10,0
20181189,2021-2022,10,4
20181192,2021-2022,10,0
20210065,2021-2022,10,9
20210082,2021-2022,10,6
20072051,2021-2022,11,0
20072059,2021-2022,11,20
20082001,2021-2022,11,2
20082002,2021-2022,11,0
20082003,2021-2022,11,15
20082004,2021-2022,11,18
20082006,2021-2022,11,0
20082008,2021-2022,11,1
20082009,2021-2022,11,0
20082010,2021-2022,11,0
20082011,2021-2022,11,2
20082012,2021-2022,11,0
20082013,2021-2022,11,19
20082014,2021-2022,11,0
20082016,2021-2022,11,1
20082017,2021-2022,11,2
20082018,2021-2022,11,0
20082022,2021-2022,11,0
20082023,2021-2022,11,17
20082025,2021-2022,11,4
20082026,2021-2022,11,4
20082027,2021-2022,11,0
20082028,2021-2022,11,0
20082047,2021-2022,11,1
20082048,2021-2022,11,3
20082049,2021-2022,11,16
20082051,2021-2022,11,16
20082052,2021-2022,11,2
20082053,2021-2022,11,3
20082098,2021-2022,11,12
20082136,2021-2022,11,15
20082140,2021-2022,11,0
20092101,2021-2022,11,5
20092102,2021-2022,11,0
20092126,2021-2022,11,0
20092127,2021-2022,11,5
20092128,2021-2022,11,10
20092130,2021-2022,11,33
20092131,2021-2022,11,8
20092132,2021-2022,11,16
20092133,2021-2022,11,3
20092144,2021-2022,11,0
20092153,2021-2022,11,0
20092159,2021-2022,11,11
20092175,2021-2022,11,0
20092181,2021-2022,11,14
20102269,2021-2022,11,8
20102276,2021-2022,11,5
20102283,2021-2022,11,9
20112303,2021-2022,11,25
20150353,2021-2022,11,8
20191094,2021-2022,11,5
20191097,2021-2022,11,1
20191190,2021-2022,11,8
20210054,2021-2022,11,10
20062001,2021-2022,12,0
20062017,2021-2022,12,0
20062030,2021-2022,12,13
20062073,2021-2022,12,0
20072001,2021-2022,12,12
20072002,2021-2022,12,0
20072003,2021-2022,12,9
20072004,2021-2022,12,0
20072005,2021-2022,12,3
20072007,2021-2022,12,12
20072008,2021-2022,12,3
20072009,2021-2022,12,7
20072010,2021-2022,12,9
20072011,2021-2022,12,3
20072013,2021-2022,12,0
20072014,2021-2022,12,0
20072015,2021-2022,12,6
20072016,2021-2022,12,8
20072017,2021-2022,12,1
20072018,2021-2022,12,14
20072019,2021-2022,12,0
20072020,2021-2022,12,22
20072021,2021-2022,12,1
20072022,2021-2022,12,0
20072023,2021-2022,12,17
20072024,2021-2022,12,5
20072026,2021-2022,12,1
20072050,2021-2022,12,20
20072052,2021-2022,12,5
20072053,2021-2022,12,0
20072054,2021-2022,12,9
20072058,2021-2022,12,13
20072062,2021-2022,12,1
20072063,2021-2022,12,37
20072129,2021-2022,12,33
20082131,2021-2022,12,10
20082132,2021-2022,12,3
20082133,2021-2022,12,0
20082134,2021-2022,12,1
20082135,2021-2022,12,7
20082138,2021-2022,12,4
20082139,2021-2022,12,20
20082142,2021-2022,12,0
20082143,2021-2022,12,12
20082154,2021-2022,12,3
20082156,2021-2022,12,9
20082157,2021-2022,12,12
20082159,2021-2022,12,0
20082172,2021-2022,12,4
20082174,2021-2022,12,5
20092236,2021-2022,12,6
20092256,2021-2022,12,6
20092269,2021-2022,12,0
20092280,2021-2022,12,8
20102278,2021-2022,12,7
20102301,2021-2022,12,1
20112302,2021-2022,12,13
20120097,2021-2022,12,0
20120105,2021-2022,12,10
20130063,2021-2022,12,19
20150375,2021-2022,12,4
20161097,2021-2022,12,0
20161132,2021-2022,12,6
20170173,2021-2022,12,14
20181206,2021-2022,12,1
20181207,2021-2022,12,3
20181208,2021-2022,12,1
20191098,2021-2022,12,0
20191189,2021-2022,12,13
20191192,2021-2022,12,11
20201075,2021-2022,12,3
20201099,2021-2022,12,12
20112004,2021-2022,7,17
20120002,2021-2022,7,15
20120003,2021-2022,7,0
20120004,2021-2022,7,3
20120007,2021-2022,7,0
20120008,2021-2022,7,0
20120009,2021-2022,7,0
20120010,2021-2022,7,3
20120011,2021-2022,7,0
20120012,2021-2022,7,0
20120013,2021-2022,7,0
20120014,2021-2022,7,0
20120015,2021-2022,7,6
20120016,2021-2022,7,0
20120017,2021-2022,7,10
20120018,2021-2022,7,2
20120019,2021-2022,7,0
20120021,2021-2022,7,2
20120022,2021-2022,7,17
20120023,2021-2022,7,0
20120024,2021-2022,7,6
20120025,2021-2022,7,2
20120027,2021-2022,7,0
20120028,2021-2022,7,8
20120029,2021-2022,7,1
20120030,2021-2022,7,6
20120031,2021-2022,7,4
20120032,2021-2022,7,4
20120033,2021-2022,7,0
20120035,2021-2022,7,2
20120036,2021-2022,7,0
20120037,2021-2022,7,0
20120038,2021-2022,7,3
20120039,2021-2022,7,0
20120040,2021-2022,7,10
20120043,2021-2022,7,5
20120044,2021-2022,7,0
20120046,2021-2022,7,5
20120047,2021-2022,7,0
20120048,2021-2022,7,7
20120049,2021-2022,7,15
20120050,2021-2022,7,0
20120051,2021-2022,7,20
20120052,2021-2022,7,0
20120053,2021-2022,7,3
20120054,2021-2022,7,26
20120055,2021-2022,7,4
20120057,2021-2022,7,7
20120058,2021-2022,7,0
20120060,2021-2022,7,4
20120061,2021-2022,7,0
20120062,2021-2022,7,1
20120064,2021-2022,7,0
20120065,2021-2022,7,0
20120068,2021-2022,7,3
20120069,2021-2022,7,0
20120071,2021-2022,7,23
20120072,2021-2022,7,28
20120076,2021-2022,7,14
20120082,2021-2022,7,0
20120086,2021-2022,7,9
20120088,2021-2022,7,7
20120100,2021-2022,7,0
20120113,2021-2022,7,8
20130059,2021-2022,7,8
20150059,2021-2022,7,1
20150063,2021-2022,7,0
20170017,2021-2022,7,9
20170119,2021-2022,7,6
20181186,2021-2022,7,5
20191166,2021-2022,7,28
20191191,2021-2022,7,33
20191203,2021-2022,7,0
20201104,2021-2022,7,0
20210094,2021-2022,7,10
20102031,2021-2022,8,0
20112002,2021-2022,8,12
20112003,2021-2022,8,7
20112005,2021-2022,8,30
20112006,2021-2022,8,14
20112007,2021-2022,8,13
20112008,2021-2022,8,2
20112009,2021-2022,8,0
20112010,2021-2022,8,2
20112012,2021-2022,8,0
20112014,2021-2022,8,11
20112016,2021-2022,8,0
20112017,2021-2022,8,9
20112018,2021-2022,8,0
20112019,2021-2022,8,3
20112020,2021-2022,8,26
20112022,2021-2022,8,4
20112023,2021-2022,8,3
20112025,2021-2022,8,1
20112027,2021-2022,8,8
20112028,2021-2022,8,0
20112029,2021-2022,8,15
20112030,2021-2022,8,3
20112032,2021-2022,8,0
20112033,2021-2022,8,17
20112034,2021-2022,8,0
20112036,2021-2022,8,4
20112037,2021-2022,8,2
20112038,2021-2022,8,13
20112040,2021-2022,8,16
20112042,2021-2022,8,13
20112043,2021-2022,8,3
20112044,2021-2022,8,5
20112045,2021-2022,8,19
20112046,2021-2022,8,5
20112047,2021-2022,8,4
20112048,2021-2022,8,0
20112049,2021-2022,8,0
20112050,2021-2022,8,4
20112052,2021-2022,8,6
20112053,2021-2022,8,0
20112054,2021-2022,8,19
20112055,2021-2022,8,5
20112056,2021-2022,8,10
20112058,2021-2022,8,1
20112061,2021-2022,8,0
20112065,2021-2022,8,3
20112066,2021-2022,8,0
20112124,2021-2022,8,15
20120067,2021-2022,8,13
20120073,2021-2022,8,6
20120074,2021-2022,8,3
20120075,2021-2022,8,0
20120077,2021-2022,8,0
20120080,2021-2022,8,2
20120081,2021-2022,8,8
20120085,2021-2022,8,10
20120089,2021-2022,8,2
20120112,2021-2022,8,4
20130066,2021-2022,8,5
20130082,2021-2022,8,1
20140061,2021-2022,8,6
20140062,2021-2022,8,5
20140076,2021-2022,8,3
20140081,2021-2022,8,6
20191099,2021-2022,8,0
20191101,2021-2022,8,9
20191102,2021-2022,8,14
20191193,2021-2022,8,3
20201098,2021-2022,8,4
20201103,2021-2022,8,2
20201107,2021-2022,8,0
20201113,2021-2022,8,10
20201114,2021-2022,8,4
20210055,2021-2022,8,7
20210074,2021-2022,8,0
20210086,2021-2022,8,4
20210096,2021-2022,8,10
20210132,2021-2022,8,11
20102001,2021-2022,9,24
20102002,2021-2022,9,0
20102003,2021-2022,9,4
20102004,2021-2022,9,9
20102005,2021-2022,9,0
20102008,2021-2022,9,1
20102010,2021-2022,9,35
20102011,2021-2022,9,6
20102012,2021-2022,9,0
20102013,2021-2022,9,3
20102014,2021-2022,9,1
20102017,2021-2022,9,0
20102020,2021-2022,9,0
20102021,2021-2022,9,0
20102023,2021-2022,9,4
20102024,2021-2022,9,12
20102025,2021-2022,9,5
20102026,2021-2022,9,9
20102027,2021-2022,9,11
20102028,2021-2022,9,3
20102029,2021-2022,9,16
20102030,2021-2022,9,6
20102034,2021-2022,9,0
20102038,2021-2022,9,10
20102042,2021-2022,9,7
20102047,2021-2022,9,1
20102049,2021-2022,9,7
20102050,2021-2022,9,0
20102051,2021-2022,9,1
20102053,2021-2022,9,0
20102059,2021-2022,9,0
20102060,2021-2022,9,16
20102064,2021-2022,9,14
20102066,2021-2022,9,0
20102067,2021-2022,9,22
20102071,2021-2022,9,2
20112101,2021-2022,9,0
20112103,2021-2022,9,3
20112104,2021-2022,9,4
20112105,2021-2022,9,5
20112107,2021-2022,9,0
20112108,2021-2022,9,2
20112110,2021-2022,9,4
20112111,2021-2022,9,1
20112112,2021-2022,9,0
20112113,2021-2022,9,5
20112114,2021-2022,9,0
20112116,2021-2022,9,7
20112117,2021-2022,9,16
20112118,2021-2022,9,7
20112119,2021-2022,9,11
20112121,2021-2022,9,0
20112123,2021-2022,9,21
20112125,2021-2022,9,5
20120102,2021-2022,9,10
20120111,2021-2022,9,0
20130051,2021-2022,9,13
20130079,2021-2022,9,0
20150094,2021-2022,9,0
20161140,2021-2022,9,6
20170170,2021-2022,9,0
20191079,2021-2022,9,0
20201077,2021-2022,9,16
20201100,2021-2022,9,10
20201102,2021-2022,9,0
20210062,2021-2022,9,15
20210122,2021-2022,9,7
