codigo,biologia_sim,cts_sim,competencias_ciudadanas_sim,fisica_sim,ingles_sim,lectura_critica_sim,matematicas_(espec)_sim,matematicas_(cuant)_sim,quimica_sim,sociales_sim,ausencias_12,ausencias_11,math_psat,reading_and_writing_psat,ciencias_sociales_notas_11,disciplina_notas_11,economia_notas_11,espaniol_notas_11,filosofia_notas_11,fisica_notas_11,ingles_notas_11,matematicas_notas_11,quimica_notas_11,ciencias_sociales_notas_12,disciplina_notas_12,economia_notas_12,espaniol_notas_12,estadistica_notas_12,filosofia_notas_12,fisica_notas_12,ingles_notas_12,matematicas_notas_12,quimica_notas_12,target
20022028,49.6125,51.5,62.5,58.265,81.2225,62.175,49.75,52.965,51.1525,57.9125,0.0,,,,,,,,,,,,,91.0,98.75,93.25,85.0,86.75,90.25,83.75,98.5,83.75,82.75,0
20022049,47.46333333333333,52.333333333333336,50.333333333333336,42.43333333333333,78.28,65.84333333333333,42.666666666666664,56.64666666666667,47.39000000000001,65.17333333333333,2.0,,,,,,,,,,,,,87.5,78.5,79.75,81.75,72.0,84.75,72.75,80.5,74.75,73.25,0
20022098,56.3375,48.0,63.25,65.95,88.1,71.55499999999999,50.5,55.902499999999996,51.8625,71.8325,0.0,,,,,,,,,,,,,89.0,85.25,83.5,78.75,78.75,86.5,78.25,99.75,80.75,80.0,1
20022099,49.947500000000005,58.75,61.0,59.724999999999994,89.2375,75.11,47.5,55.89,56.7575,59.737500000000004,0.0,,,,,,,,,,,,,87.75,96.5,84.0,79.5,85.0,88.0,80.0,100.0,80.25,79.0,1
20032002,64.295,67.25,71.0,73.4,83.5625,63.5925,48.75,62.160000000000004,41.83,71.35249999999999,4.0,,,,,,,,,,,,,88.0,97.0,80.0,85.5,75.25,92.25,80.25,99.0,77.75,80.75,1
20032003,71.925,70.75,67.25,92.085,90.4075,69.9475,71.5,80.705,76.86,81.84,0.0,,,,,,,,,,,,,93.0,94.5,85.25,85.75,93.5,95.25,99.75,96.0,98.25,90.5,1
20032004,60.9675,67.25,66.75,65.7775,90.4275,73.5975,64.0,63.45,63.5225,75.0625,0.0,,,,,,,,,,,,,91.5,96.25,93.25,92.5,89.5,95.75,87.0,100.0,89.0,87.0,1
20032005,54.40166666666667,45.666666666666664,51.5,52.275,81.12833333333333,55.01666666666667,46.333333333333336,52.65,44.876666666666665,53.215,4.0,3.0,,,,98.0,87.0,81.75,84.5,83.25,99.0,81.75,83.25,84.0,95.25,97.75,80.5,87.25,92.25,80.25,92.5,86.25,75.75,0
20032006,46.425,31.5,67.0,49.235,76.2475,56.71,60.25,64.9525,48.6425,56.1025,0.0,,,,,,,,,,,,,83.0,76.0,86.5,78.25,77.75,79.75,78.25,82.0,77.0,79.0,1
20032007,48.730000000000004,55.25,69.25,64.55,81.78,49.18,63.25,60.80499999999999,50.722500000000004,69.36500000000001,0.0,,,,,,,,,,,,,92.0,98.0,93.0,87.25,95.0,94.5,92.5,100.0,96.75,89.75,1
20032013,55.927499999999995,60.75,59.0,66.1075,88.6275,70.155,48.75,51.042500000000004,48.7725,66.2975,14.0,,,,,,,,,,,,,89.25,77.0,85.25,85.0,83.5,89.25,82.0,98.0,74.5,74.25,0
20032021,48.72333333333333,66.66666666666667,58.0,60.81,92.52333333333333,71.24333333333333,59.333333333333336,58.09666666666667,43.473333333333336,70.88333333333334,1.0,,,,,,,,,,,,,86.0,95.5,85.25,91.75,79.5,91.5,78.25,100.0,84.5,75.25,1
20032023,52.03,47.25,62.75,58.63,78.445,68.3375,55.75,64.0825,48.04,60.885,2.0,,,,,,,,,,,,,81.0,70.25,74.5,79.0,72.75,86.25,80.0,80.25,76.0,81.5,1
20032026,68.5925,86.25,91.5,76.2875,91.515,71.675,64.25,64.055,52.6575,76.1875,1.0,,,,,,,,,,,,,95.25,100.0,94.75,92.75,92.5,96.25,93.0,100.0,96.75,88.0,1
20032027,56.32,75.5,79.5,68.6525,89.8525,65.37,59.75,62.28,46.835,75.6375,0.0,,,,,,,,,,,,,88.0,84.25,81.5,82.0,80.0,84.0,80.75,88.75,73.75,80.0,1
20032028,61.629999999999995,64.25,58.0,68.925,75.8375,55.01,59.25,66.22999999999999,56.510000000000005,63.94499999999999,0.0,,,,,,,,,,,,,88.5,97.0,88.0,81.25,85.5,91.75,82.5,87.25,78.5,80.5,1
20032029,49.4525,66.75,70.25,70.3725,76.9325,62.7975,58.0,63.63,49.5525,72.8775,3.0,,,,,,,,,,,,,89.25,97.5,93.25,84.25,80.5,92.5,82.25,100.0,79.5,78.75,0
20032034,50.39,41.5,57.75,49.447500000000005,85.2825,55.1775,57.25,51.785000000000004,53.545,49.1175,7.0,,,,,,,,,,,,,87.5,97.0,84.75,83.25,86.75,89.5,91.25,85.25,82.0,81.25,0
20032035,39.68333333333333,60.333333333333336,47.0,45.10333333333333,71.96166666666666,56.52166666666667,44.0,55.13833333333334,48.40166666666667,51.35666666666666,0.0,3.0,,,,87.5,88.5,75.75,76.25,71.75,87.75,85.25,78.75,83.0,90.0,92.25,77.75,86.5,84.5,69.75,86.25,71.25,71.0,0
20032036,51.343333333333334,66.33333333333333,62.666666666666664,58.583333333333336,95.41000000000001,71.36,51.666666666666664,73.26333333333334,44.370000000000005,57.75666666666666,4.0,,,,,,,,,,,,,83.5,90.5,82.0,77.75,65.5,81.5,78.75,80.0,79.0,73.25,0
20032039,58.449999999999996,66.33333333333333,64.66666666666667,66.83,86.40666666666668,68.98333333333333,51.666666666666664,66.45666666666666,55.54,67.15333333333334,6.0,,,,,,,,,,,,,86.0,95.75,82.0,84.25,85.5,90.0,82.25,100.0,79.5,78.75,1
20032040,71.40666666666667,59.666666666666664,62.666666666666664,77.49666666666667,85.02,62.11333333333332,54.666666666666664,63.96333333333333,64.56666666666666,51.28,0.0,,,,,,,,,,,,,89.5,92.75,91.25,85.0,87.5,92.5,93.25,91.5,83.0,81.5,0
20032041,57.4325,63.5,60.0,63.802499999999995,75.135,62.2425,57.0,59.6075,49.705,44.3475,0.0,,,,,,,,,,,,,88.75,95.5,92.0,88.5,82.0,92.25,85.5,99.0,80.0,80.0,1
20032043,65.7625,66.5,65.25,79.6725,92.025,67.1225,59.25,70.92750000000001,65.575,59.192499999999995,0.0,,,,,,,,,,,,,87.5,93.75,87.5,85.0,85.5,95.75,83.5,91.25,80.75,85.75,1
20032044,60.9825,69.5,83.0,59.5875,91.48,72.81,40.25,42.25,50.25,76.1775,0.0,,,,,,,,,,,,,91.75,90.0,87.25,86.25,84.75,91.25,78.75,100.0,76.0,77.75,1
20032046,63.345,50.75,68.75,70.645,80.8925,72.6425,60.25,71.45750000000001,64.0175,69.32249999999999,5.0,,,,,,,,,,,,,83.0,68.25,82.25,72.75,79.25,80.5,72.0,90.0,75.75,78.5,1
20032052,37.46,51.75,45.25,62.6175,66.285,57.1125,47.25,49.335,43.4375,56.245000000000005,6.0,,,,,,,,,,,,,80.75,82.5,84.0,80.25,75.5,78.75,77.25,80.75,79.0,80.5,0
20032054,52.5525,79.25,57.25,70.4625,88.62,57.205,56.25,71.88,54.415,67.315,0.0,,,,,,,,,,,,,86.0,90.0,78.25,80.75,76.75,79.75,78.75,82.75,79.5,79.25,1
20032055,33.7225,38.5,53.75,45.925,79.6775,64.105,37.0,45.54,35.42,55.4975,5.0,,,,,,,,,,,,,85.0,87.5,82.0,79.25,75.5,83.75,73.25,86.75,77.75,76.25,0
20032057,53.975,67.75,72.0,64.5075,88.07,70.93,53.75,69.705,52.465,60.5375,17.0,,,,,,,,,,,,,90.5,74.25,90.5,82.25,88.25,84.5,81.75,88.75,80.5,80.25,1
20032058,54.9025,80.75,67.0,71.7,76.3625,70.86,68.5,74.725,58.735,72.6625,0.0,,,,,,,,,,,,,94.5,95.75,96.5,92.5,96.25,98.0,99.5,95.75,99.75,91.0,1
20032063,59.2375,60.25,66.5,53.86,72.39750000000001,65.18,53.75,65.98,41.1925,65.9075,6.0,,,,,,,,,,,,,86.75,71.75,78.75,81.5,79.0,87.5,80.75,77.0,78.0,75.5,1
20032065,61.7675,74.0,70.25,79.67,89.7975,66.855,69.0,77.80250000000001,65.1525,65.5975,20.0,,,,,,,,,,,,,93.75,94.75,95.75,84.75,93.5,95.25,94.25,100.0,99.0,87.0,1
20032067,47.89333333333334,57.333333333333336,59.0,71.17666666666666,86.43666666666667,58.99,69.0,60.98999999999999,61.41333333333333,52.76333333333333,0.0,,,,,,,,,,,,,88.25,98.25,87.25,87.75,88.0,95.0,89.25,94.75,96.5,86.5,1
20032068,41.31,49.0,61.5,46.565,76.3525,61.765,55.5,54.287499999999994,44.875,60.6225,0.0,,,,,,,,,,,,,89.75,94.0,84.75,82.5,74.0,87.5,75.25,84.25,75.25,77.0,1
20032070,43.9,20.0,71.0,53.317499999999995,70.0775,52.015,54.0,60.315,43.072500000000005,62.3425,9.0,,,,,,,,,,,,,89.75,85.5,86.5,80.75,86.0,90.0,91.5,87.25,81.75,78.75,0
20032072,64.795,67.25,60.75,68.7025,74.1325,59.1975,57.0,70.81,55.6525,59.0325,0.0,,,,,,,,,,,,,89.75,91.75,86.75,78.5,88.75,85.75,85.0,83.5,80.25,77.25,0
20032077,64.995,73.75,76.0,74.985,90.935,73.575,54.75,68.29,54.655,69.985,4.0,,,,,,,,,,,,,92.25,93.5,83.75,83.5,88.25,93.5,88.75,100.0,88.5,82.0,1
20032080,61.4825,49.75,69.75,78.0775,81.435,66.24249999999999,68.75,66.175,54.9025,66.565,22.0,,,,,,,,,,,,,91.75,98.25,94.0,85.25,93.75,95.75,96.75,91.0,92.25,83.5,1
20032082,42.56,56.5,50.25,39.67,89.27,61.807500000000005,34.0,51.682500000000005,28.345,57.31,4.0,,,,,,,,,,,,,90.75,99.25,88.25,88.0,76.5,89.75,79.75,100.0,80.75,80.0,1
20032095,43.2575,51.0,64.5,50.31,76.505,57.11,44.75,63.6475,47.0175,53.425,0.0,,,,,,,,,,,,,85.75,85.25,75.0,78.5,74.25,81.25,75.75,77.25,75.5,74.0,1
20042001,38.019999999999996,45.6,47.2,32.148,78.718,59.144000000000005,52.8,61.00599999999999,36.827999999999996,57.234,0.0,0.0,,,,60.25,84.0,77.75,74.75,71.0,97.25,76.25,73.5,78.5,79.25,84.25,81.25,78.75,82.5,76.0,93.5,72.75,73.0,1
20042003,41.099999999999994,53.0,43.5,51.24,61.345,39.335,71.95,49.010000000000005,33.2425,37.305,0.0,2.0,420.0,490.0,,86.5,78.0,81.5,85.0,76.25,90.25,80.5,78.0,85.25,86.25,83.5,79.0,81.0,87.25,79.5,85.0,77.66666666666667,81.0,0
20042004,52.394000000000005,88.2,60.8,68.556,84.22,65.75399999999999,52.4,64.85,42.0,61.44,2.0,3.0,,,,97.0,87.5,79.75,81.75,80.0,91.5,79.5,86.75,89.0,97.5,98.25,89.0,88.5,94.0,86.5,99.0,92.5,91.25,1
20042005,55.80500000000001,78.0,60.666666666666664,56.425000000000004,78.68333333333334,65.69500000000001,70.33333333333333,77.49166666666666,49.76666666666667,65.635,0.0,0.0,,,,93.5,88.5,98.5,82.75,84.0,99.75,87.0,84.0,89.25,94.25,92.0,88.0,82.0,93.0,88.25,95.25,90.0,85.25,1
20042006,66.71799999999999,75.4,56.2,64.55,87.016,72.47999999999999,69.4,74.308,69.53999999999999,58.586,3.0,3.0,,,,92.5,94.5,89.25,86.0,89.75,95.25,92.25,98.0,90.75,96.5,95.0,86.5,86.5,94.0,79.0,92.25,90.25,98.25,1
20042009,47.112,38.2,59.0,42.257999999999996,78.386,63.3,39.6,58.178,39.552,54.791999999999994,7.0,1.0,,,,93.75,87.0,94.25,84.75,72.5,89.0,77.75,81.5,76.5,96.75,91.75,83.0,69.5,85.75,77.25,83.5,72.75,72.75,1
20042011,55.355,67.83333333333333,56.166666666666664,54.208333333333336,73.18,57.336666666666666,44.666666666666664,51.65,44.705000000000005,58.10166666666667,0.0,0.0,,,,89.0,88.25,81.75,79.75,81.5,88.75,83.75,87.0,86.0,93.5,89.5,81.75,81.75,86.75,79.0,85.75,85.5,79.75,0
20042012,43.48,45.833333333333336,52.0,46.725,60.415,45.06333333333333,55.50833333333333,43.251666666666665,36.82333333333333,50.42666666666667,2.0,11.0,,,,87.75,80.16666666666667,72.5,77.0,61.5,82.0,70.0,66.0,85.25,84.25,91.0,75.5,83.25,82.75,74.5,83.0,76.0,75.25,0
20042014,42.001999999999995,52.4,61.4,49.715999999999994,78.298,58.88199999999999,59.6,63.874,37.025999999999996,50.332,11.0,5.0,,,,71.0,85.75,78.75,73.5,74.25,88.25,80.25,77.25,81.25,86.0,92.25,80.0,87.0,87.0,72.5,90.0,74.0,71.0,0
20042015,47.27666666666667,74.66666666666667,57.666666666666664,53.19,62.193333333333335,52.31,71.09333333333333,56.839999999999996,49.24,54.68666666666667,10.0,0.0,460.0,450.0,,98.75,87.0,82.5,98.0,80.0,92.75,95.0,80.25,90.5,94.25,93.5,78.0,94.0,86.0,72.25,89.75,92.33333333333333,85.5,0
20042016,52.51333333333333,60.666666666666664,36.0,44.88333333333333,73.245,49.401666666666664,42.666666666666664,48.71,55.629999999999995,50.98833333333334,0.0,8.0,,,,93.5,87.75,98.0,85.0,79.5,93.0,76.75,92.75,85.75,97.0,92.5,88.5,79.0,93.25,85.75,98.0,89.5,94.25,1
20042017,64.08166666666666,78.33333333333333,68.5,61.01333333333333,88.53500000000001,72.43166666666667,72.16666666666667,71.73166666666667,65.27666666666666,57.20166666666666,6.0,5.0,,,,100.0,93.75,92.5,87.75,93.0,95.25,99.5,99.0,90.5,98.0,97.0,90.0,96.75,94.75,86.75,89.25,95.75,93.5,1
20042023,52.41,57.0,52.666666666666664,56.21666666666667,80.365,57.300000000000004,57.0,54.41166666666667,45.08833333333333,38.01833333333334,4.0,4.0,,,,85.25,89.5,86.5,79.0,77.75,99.75,91.5,81.5,82.25,91.0,93.0,79.5,88.75,88.5,78.0,89.75,82.25,78.5,1
20042024,57.205000000000005,64.0,64.33333333333333,60.115,77.43833333333333,61.69833333333333,63.666666666666664,66.05,57.35999999999999,59.39333333333334,15.0,9.0,,,,93.25,91.5,81.5,77.5,79.25,99.0,83.25,80.75,90.5,96.25,96.75,83.25,91.75,91.5,80.25,92.5,88.75,83.25,0
20042025,71.44833333333334,79.33333333333333,77.5,79.05833333333334,91.57,69.31333333333333,81.66666666666667,93.89333333333333,69.56833333333333,71.57333333333334,11.0,6.0,,,,99.0,96.0,90.25,92.0,94.75,93.0,99.25,99.0,91.75,100.0,93.75,91.5,92.25,97.5,95.0,94.5,95.75,96.75,1
20042026,62.64,61.4,48.2,46.718,83.036,65.934,46.8,52.95,37.202,44.994,4.0,0.0,,,,99.75,90.0,96.5,88.75,88.25,95.25,88.25,87.0,87.0,97.75,97.5,90.75,90.25,93.75,80.0,98.5,91.0,81.25,0
20042028,71.50333333333333,89.33333333333333,74.0,75.21666666666667,86.80666666666667,70.09833333333334,75.66666666666667,76.05166666666666,70.89999999999999,68.51666666666667,9.0,6.0,,,,99.0,94.5,95.0,95.5,98.0,100.0,100.0,94.75,94.5,98.75,98.75,97.75,98.0,98.75,96.25,99.75,99.75,93.25,1
20042029,74.20166666666667,80.0,79.5,74.01,93.25,80.28833333333334,80.83333333333333,91.36166666666666,73.88333333333334,83.43666666666667,0.0,0.0,,,,99.5,97.25,95.75,97.25,94.25,98.25,99.0,100.0,96.25,98.0,99.25,97.0,98.25,99.0,97.75,98.25,98.75,98.75,1
20042030,48.932500000000005,65.75,56.5,56.14,66.6225,55.59,75.08,60.66,55.34,36.5,0.0,0.0,440.0,480.0,,100.0,84.25,93.5,95.0,84.5,98.0,96.0,89.25,89.25,97.0,95.5,81.5,93.75,91.75,87.5,91.0,89.66666666666667,94.25,0
20042033,80.56166666666667,81.66666666666667,81.83333333333333,85.66666666666667,90.64166666666667,75.69,86.83333333333333,93.62333333333333,78.71666666666667,81.325,6.0,0.0,,,,92.75,95.0,92.5,97.75,97.0,95.0,100.0,100.0,95.5,92.0,97.25,92.25,97.5,96.75,96.5,99.0,98.75,97.0,1
20042034,54.0025,65.75,57.25,57.835,74.765,59.6925,80.7225,64.275,50.895,49.32,25.0,8.0,490.0,520.0,,94.75,78.25,80.5,86.5,70.25,91.25,80.75,77.0,86.0,91.0,86.0,80.25,89.25,83.5,76.75,86.5,80.33333333333333,75.75,0
20042035,40.38166666666667,37.0,49.166666666666664,49.30666666666667,61.98666666666667,69.93833333333333,42.333333333333336,64.32,25.301666666666666,52.406666666666666,0.0,0.0,,,,77.75,87.0,83.5,79.0,77.5,98.0,75.75,82.75,77.75,79.5,90.75,83.5,84.5,88.75,81.0,95.0,73.25,76.25,1
20042036,59.964,34.6,60.6,46.184,77.75800000000001,56.694,62.6,72.4,47.632,52.25,10.0,12.0,,,,80.75,85.25,81.75,75.0,75.25,79.25,83.25,84.0,77.25,71.5,79.75,79.5,93.0,80.75,74.25,77.25,85.25,72.75,0
20042037,71.86,57.5,70.16666666666667,73.36166666666666,85.11,62.79333333333333,65.33333333333333,73.995,57.405,62.91,14.0,8.0,,,,96.0,94.25,89.5,89.75,91.25,93.5,98.5,99.0,91.75,97.5,93.0,89.5,94.5,95.25,88.25,96.0,92.5,97.75,1
20042038,56.612,69.0,67.2,59.894000000000005,82.578,66.416,56.8,56.814,54.226,58.254,5.0,7.0,,,,93.5,93.25,89.5,82.75,86.0,99.75,96.0,89.0,84.5,94.25,92.75,84.0,83.75,92.5,85.25,96.5,78.5,89.75,0
20042041,77.09166666666667,63.833333333333336,70.66666666666667,78.2,85.20833333333333,67.05833333333334,83.33333333333333,88.49000000000001,69.86666666666666,65.34,0.0,0.0,,,,81.5,87.0,85.75,77.75,86.5,84.0,94.25,95.0,78.5,83.25,93.0,84.5,95.75,92.25,88.0,90.5,97.5,98.75,1
20042042,54.435,61.75,61.5,61.1325,78.10249999999999,59.4675,62.25,65.03,56.769999999999996,63.775,0.0,0.0,,,,95.75,90.5,87.25,78.75,84.75,92.25,96.5,98.25,87.0,97.5,94.25,85.5,91.25,88.5,84.25,99.25,92.5,89.5,0
20042043,54.80166666666667,43.833333333333336,54.5,66.24666666666667,73.16833333333334,60.51166666666666,64.16666666666667,69.26,47.54666666666666,54.50666666666667,0.0,0.0,,,,81.25,83.25,76.5,80.0,74.75,95.5,78.5,79.75,78.25,76.5,87.0,80.75,91.0,83.25,71.25,81.0,74.5,72.5,0
20042045,59.903333333333336,59.166666666666664,64.33333333333333,56.30833333333334,84.15333333333334,60.25833333333333,57.5,54.29666666666666,52.18833333333333,56.68666666666667,16.0,3.0,,,,91.75,91.5,89.0,81.25,83.5,93.75,92.0,96.25,82.25,94.75,90.25,86.25,95.0,85.75,77.5,98.25,85.5,89.5,0
20042046,44.803333333333335,46.0,48.333333333333336,41.544999999999995,73.95833333333333,50.25833333333333,51.666666666666664,60.589999999999996,39.98833333333334,54.751666666666665,3.0,3.0,,,,73.5,83.75,74.75,70.0,72.25,95.75,75.75,77.75,75.5,86.25,79.75,71.25,71.25,78.75,73.75,75.0,70.5,69.25,0
20042047,70.548,82.0,67.2,76.762,75.58,59.522000000000006,64.0,65.076,56.06,68.796,7.0,10.0,,,,96.75,93.0,97.0,84.0,91.75,99.25,85.75,86.0,92.25,95.75,88.0,88.25,92.0,93.5,88.75,95.75,86.75,85.0,1
20042049,80.55333333333334,83.66666666666667,69.66666666666667,65.36999999999999,86.45666666666666,60.0,94.5,92.13,48.40333333333333,54.68333333333334,4.0,9.0,580.0,500.0,,90.5,78.0,75.0,86.5,71.0,80.0,73.75,75.75,79.75,89.25,82.5,74.5,84.0,78.25,86.5,75.75,84.33333333333333,77.0,0
20042050,59.80166666666667,60.5,69.16666666666667,63.025,85.40333333333332,71.69833333333334,55.333333333333336,68.18333333333334,48.74,69.34833333333334,0.0,0.0,,,,99.0,93.25,99.5,92.75,85.25,100.0,83.0,92.5,90.75,99.75,95.0,91.5,88.75,95.0,91.5,98.5,88.0,95.25,1
20042052,49.45666666666667,62.0,53.166666666666664,43.835,68.545,52.49666666666667,47.166666666666664,64.11,38.125,46.04333333333333,0.0,0.0,,,,94.25,80.75,79.0,75.5,78.0,84.75,76.25,83.75,70.25,94.0,85.25,76.25,90.0,83.5,73.5,71.25,68.5,72.5,0
20042053,71.33666666666666,80.0,66.0,68.96666666666667,91.44666666666667,64.10333333333334,62.666666666666664,81.76333333333334,68.86666666666666,57.336666666666666,19.0,4.0,,,,91.25,92.0,97.5,87.75,86.75,98.25,84.5,85.75,91.5,97.5,95.5,91.0,92.25,93.25,85.5,96.25,84.25,82.0,1
20042076,62.49,76.25,66.5,73.565,93.2325,64.1325,55.5,65.7825,62.7775,64.6175,10.0,,,,,,,,,,,,,91.5,97.0,87.0,87.0,87.5,92.0,93.5,94.25,93.0,85.25,1
20042077,44.34833333333333,42.0,54.0,44.913333333333334,78.10833333333333,57.48333333333333,45.0,48.839999999999996,42.53,50.41166666666667,0.0,0.0,,,,96.25,90.75,98.5,87.5,85.25,100.0,87.75,86.5,85.25,93.0,95.0,86.75,89.5,90.25,78.5,98.0,88.0,74.0,0
20042079,62.81166666666667,89.33333333333333,68.83333333333333,83.48666666666666,83.99666666666667,72.75833333333334,68.0,78.02333333333333,63.73666666666666,67.07000000000001,5.0,14.0,,,,100.0,91.25,99.0,89.0,86.25,95.0,91.75,98.5,89.25,99.75,96.25,92.5,93.75,95.5,92.25,100.0,93.5,97.5,1
20042080,46.165,56.166666666666664,55.333333333333336,35.895,73.65333333333334,66.85333333333334,40.166666666666664,49.935,40.641666666666666,57.64166666666667,1.0,0.0,,,,99.75,87.75,99.75,84.0,77.75,88.75,81.5,95.75,89.0,97.25,98.5,88.0,87.0,94.5,82.0,96.5,83.75,87.25,1
20042085,60.185,75.75,67.75,71.7325,88.1,63.6875,52.75,60.364999999999995,49.1275,67.05,0.0,,,,,,,,,,,,,89.75,95.25,84.0,81.0,83.5,88.5,85.5,87.25,84.75,80.0,1
20042087,72.31800000000001,73.6,65.8,68.252,86.25800000000001,70.986,61.6,68.78,61.598,62.476,5.0,12.0,,,,100.0,95.25,91.75,93.25,91.75,92.75,94.75,100.0,93.25,99.75,95.5,89.5,97.5,95.25,91.0,98.25,96.75,99.0,1
20042090,66.55833333333334,64.0,61.166666666666664,60.44166666666666,84.56833333333333,69.07333333333334,58.5,73.49666666666667,46.75,65.925,5.0,19.0,,,,100.0,92.5,100.0,90.0,92.0,100.0,89.5,92.75,91.25,99.75,95.75,95.25,94.5,96.5,93.25,99.75,96.5,92.25,1
20042156,76.27000000000001,67.25,78.75,83.13,94.3775,72.14750000000001,81.25,90.425,83.215,84.675,10.0,,,,,,,,,,,,,95.75,88.75,92.5,86.0,94.25,97.0,99.5,94.5,100.0,91.75,1
20042157,27.357999999999997,30.4,41.6,22.79,82.324,62.314,31.8,37.208000000000006,27.945999999999998,48.754,0.0,0.0,,,,77.5,79.75,66.75,73.0,64.25,88.25,63.5,74.0,74.25,94.5,75.75,84.0,67.25,79.75,64.5,84.75,61.25,68.75,0
20042158,48.5,55.166666666666664,52.0,45.29,65.98666666666666,45.931666666666665,58.166666666666664,64.035,40.595,32.89666666666667,18.0,0.0,,,,98.75,88.75,78.0,82.0,78.5,98.5,85.0,85.75,79.75,91.75,96.0,77.5,89.25,85.5,73.75,88.0,77.25,73.5,0
20042159,42.9225,78.0,64.5,52.43000000000001,91.5075,74.6,53.0,49.2525,52.265,68.7825,1.0,,,,,,,,,,,,,86.75,91.5,85.0,86.25,74.75,91.75,81.0,99.75,77.25,80.25,1
20042162,62.504,70.0,71.8,63.958000000000006,90.464,70.836,53.0,70.646,57.882000000000005,75.1,9.0,14.0,,,,81.25,90.5,98.0,88.0,77.75,91.75,81.25,98.25,84.75,91.0,89.75,91.75,76.0,87.25,86.0,100.0,78.75,89.0,1
20042163,66.945,80.25,81.25,79.80250000000001,90.8975,73.53,73.25,65.9,64.67,68.9175,0.0,,,,,,,,,,,,,94.0,98.75,95.75,93.25,94.75,97.25,100.0,94.25,100.0,91.75,1
20042164,59.6025,81.0,67.75,81.06,89.26,63.5475,61.0,66.805,56.9475,73.0425,9.0,,,,,,,,,,,,,88.5,90.25,90.75,83.75,89.5,91.25,89.25,91.25,85.5,83.0,1
20042165,55.5175,64.5,55.0,67.555,81.295,57.0225,58.5,68.56,63.0125,57.2775,10.0,,,,,,,,,,,,,86.5,87.75,87.5,82.25,89.0,91.5,84.0,87.5,83.0,85.5,1
20042166,42.589999999999996,55.0,48.0,42.19833333333333,78.49,60.129999999999995,39.166666666666664,59.05666666666667,32.95666666666667,46.946666666666665,12.0,6.0,,,,88.0,92.5,81.25,86.5,78.25,87.0,80.75,86.75,80.25,90.25,90.0,85.5,69.5,89.25,75.25,83.25,78.25,77.5,0
20042167,65.2775,79.5,63.5,67.84,86.9975,67.64500000000001,67.25,80.6475,68.1925,65.13,11.0,,,,,,,,,,,,,86.75,71.0,88.75,78.0,92.25,91.25,91.0,88.0,92.75,87.25,1
20042168,65.67500000000001,83.5,66.5,81.01,82.5375,69.225,67.0,74.755,64.2625,62.519999999999996,2.0,,,,,,,,,,,,,88.75,94.75,93.5,83.0,89.5,95.25,96.5,94.25,96.0,85.0,1
20042169,64.03999999999999,61.5,67.5,58.6475,87.5425,57.6175,51.25,63.295,62.865,77.67,1.0,,,,,,,,,,,,,78.5,75.0,84.75,77.25,76.5,82.75,79.75,87.5,71.5,77.25,0
20042181,64.1825,41.75,60.5,68.9525,75.145,53.8625,47.0,45.34,54.2425,70.5775,8.0,,,,,,,,,,,,,81.75,92.25,77.5,78.25,77.25,82.25,72.0,78.5,70.75,75.25,0
20042186,57.527499999999996,38.25,55.75,60.2075,75.675,67.1575,59.75,62.9225,54.332499999999996,57.3525,0.0,,,,,,,,,,,,,82.0,90.0,85.0,76.25,78.5,85.5,76.5,87.0,75.0,79.0,0
20042215,50.14333333333334,63.666666666666664,58.333333333333336,51.23,84.81666666666666,57.24,39.333333333333336,42.800000000000004,44.60666666666666,56.10333333333333,0.0,,,,,,,,,,,,,87.0,96.25,86.0,80.75,86.75,90.5,79.5,100.0,77.5,76.5,0
20043031,69.62166666666667,73.83333333333333,68.16666666666667,67.915,88.50666666666666,69.91833333333334,59.833333333333336,71.715,57.77,72.46333333333332,0.0,0.0,,,,87.25,92.0,99.25,92.0,88.5,99.5,87.0,85.5,91.0,93.5,98.5,96.0,96.25,97.0,91.75,100.0,95.75,81.75,1
20052001,70.1475,78.0,68.75,74.125,83.5925,66.475,84.23,72.6575,55.4925,66.175,8.0,10.0,530.0,610.0,,98.25,88.75,98.5,92.75,83.25,98.0,91.75,90.25,91.75,97.25,90.25,89.25,94.25,92.75,88.5,92.0,90.66666666666667,87.25,1
20052002,45.707499999999996,24.75,53.5,53.6525,71.97,51.775,71.08,61.965,34.2675,48.4325,5.0,7.0,,,,94.5,76.75,70.5,81.0,75.0,77.0,70.25,70.75,77.75,90.25,80.25,68.5,74.75,77.0,73.5,74.5,76.33333333333333,74.25,0
20052005,51.64333333333334,33.0,61.666666666666664,69.63333333333333,67.31666666666668,53.333333333333336,90.90333333333332,67.42666666666666,34.18333333333334,51.39333333333334,0.0,6.0,520.0,550.0,,78.25,74.75,75.5,73.25,69.5,79.75,73.75,69.75,74.5,87.0,75.25,71.75,84.0,78.5,74.25,83.75,76.0,79.25,0
20052008,49.626666666666665,33.0,58.333333333333336,45.080000000000005,66.55,52.14666666666667,73.45,47.01,29.319999999999997,56.26666666666667,1.0,9.0,490.0,340.0,,72.0,76.0,69.75,82.75,69.5,81.75,75.25,74.25,80.25,90.5,81.75,71.75,87.0,73.5,77.5,76.75,73.33333333333333,72.5,0
20052010,67.49,66.66666666666667,66.0,57.15,77.7,52.0,89.46666666666665,60.089999999999996,32.00666666666667,60.48666666666666,1.0,,,,,,,,,,,,,82.75,92.25,87.75,82.0,91.25,84.5,79.25,84.5,84.33333333333333,79.5,0
20052011,71.765,74.75,69.25,64.66,66.8325,58.0475,81.675,58.5375,53.465,53.97,2.0,2.0,510.0,580.0,,93.5,83.0,94.25,94.0,74.75,98.25,78.0,85.0,90.75,95.25,97.5,87.75,83.25,90.0,78.75,96.75,77.0,79.25,1
20052012,52.550000000000004,41.666666666666664,70.66666666666667,61.336666666666666,66.41,55.333333333333336,81.39666666666666,59.723333333333336,45.346666666666664,44.946666666666665,0.0,0.0,480.0,500.0,,90.0,82.0,77.25,85.0,72.5,91.5,76.25,72.0,81.5,88.0,82.75,73.75,85.5,79.75,78.25,83.75,80.33333333333333,79.0,0
20052013,68.77250000000001,78.0,74.25,82.5875,82.6875,77.825,84.24,81.675,66.655,58.18,2.0,12.0,480.0,540.0,,99.75,92.5,97.25,97.5,94.75,99.25,99.75,100.0,93.75,98.25,98.25,97.25,95.5,93.75,95.5,96.75,93.66666666666667,98.25,1
20052014,39.158,49.0,44.4,47.004,65.142,59.95,45.8,51.007999999999996,54.653999999999996,36.519999999999996,0.0,9.0,,,83.5,91.25,79.0,75.5,80.0,72.25,81.25,78.75,81.75,73.5,92.25,80.0,74.25,71.0,69.5,72.5,87.25,75.0,89.75,0
20052016,50.197500000000005,47.0,56.25,52.8775,72.88499999999999,48.18,79.34,60.1775,48.25,46.2475,0.0,0.0,530.0,530.0,,93.75,81.25,72.75,89.5,70.25,86.0,77.75,78.5,89.0,90.25,90.5,76.5,88.75,87.25,77.25,87.25,86.0,82.5,0
20052017,44.8875,62.0,42.0675,44.85999999999999,75.68666666666667,59.4675,38.75,45.45,47.2,55.332499999999996,0.0,0.0,360.0,360.0,84.5,90.5,83.5,69.5,70.0,68.5,70.0,78.0,75.75,79.5,90.5,79.0,71.0,69.5,75.0,74.25,78.25,72.33333333333333,83.0,0
20052018,60.4175,56.25,57.75,72.2875,76.31,62.2675,86.7975,60.7125,61.667500000000004,59.5625,0.0,0.0,560.0,540.0,,99.0,95.0,99.75,98.25,92.75,99.75,99.0,97.5,93.25,98.25,98.25,97.25,95.25,92.5,95.25,96.5,98.33333333333333,98.0,0
20052020,57.22,55.75,48.0,61.7725,70.39250000000001,49.825,78.6025,44.2775,30.9525,43.135,0.0,0.0,440.0,450.0,,96.75,84.0,93.5,97.0,75.0,96.0,81.5,80.75,91.5,91.75,92.0,84.25,96.0,89.25,81.5,91.0,83.33333333333333,82.5,0
20052021,44.44,44.0,60.25,55.8075,76.9575,60.15,76.8875,57.22,40.85,58.615,0.0,0.0,400.0,480.0,,77.0,81.0,71.5,71.0,69.5,69.5,70.25,74.5,72.5,86.0,75.75,62.75,71.5,67.0,76.5,72.75,75.66666666666667,70.75,0
20052023,63.2775,49.75,65.0,59.862500000000004,78.6475,59.292500000000004,77.805,56.879999999999995,47.34,44.3275,4.0,4.0,470.0,470.0,,100.0,92.0,91.75,94.5,78.75,97.0,87.25,90.75,92.5,96.0,96.5,86.0,92.75,86.25,88.5,93.25,86.33333333333333,87.75,1
20052024,64.6425,62.5,56.75,58.385,76.19,56.0775,84.255,65.715,45.162499999999994,55.995,0.0,0.0,480.0,560.0,,99.75,88.25,79.75,93.75,82.5,89.25,96.5,89.25,89.75,96.5,92.25,83.25,92.75,88.75,86.0,90.5,86.0,90.0,0
20052025,69.1675,68.5,69.0,74.2925,83.71000000000001,65.02,86.735,75.7225,53.805,65.49,0.0,19.0,530.0,480.0,,99.75,94.75,97.0,97.75,95.5,98.25,100.0,95.5,94.25,98.25,96.0,90.25,94.0,91.75,94.25,95.0,96.0,97.0,1
20052028,69.06,87.0,71.75,72.865,75.705,62.745,80.0675,74.8775,58.87,66.145,11.0,0.0,540.0,530.0,,96.0,87.25,83.25,95.25,84.5,92.5,87.0,83.75,92.5,95.25,93.5,84.75,92.25,88.5,81.25,92.5,90.33333333333333,93.0,1
20052029,61.6025,69.0,72.5,71.5775,76.6625,58.47,82.22749999999999,64.96,58.2425,64.1075,1.0,11.0,510.0,530.0,,97.25,87.75,95.25,92.5,87.25,98.25,87.25,93.25,88.5,94.5,91.75,83.25,89.5,89.5,84.75,88.25,88.0,85.75,1
20052031,55.92,65.25,59.5,52.8825,72.9075,55.864999999999995,80.98,66.8325,42.0875,51.365,9.0,4.0,430.0,480.0,,88.5,80.75,78.0,87.25,73.0,91.75,71.5,74.5,87.5,93.0,93.25,76.0,92.75,85.75,76.75,87.25,84.0,79.0,0
20052032,70.9725,72.0,58.75,67.8,81.305,58.7825,84.47999999999999,74.45,64.5075,57.1375,0.0,0.0,480.0,590.0,,97.25,89.75,84.5,97.75,84.75,92.25,85.75,93.25,89.5,94.5,92.25,88.0,95.25,91.25,82.25,95.0,94.66666666666667,96.75,1
20052033,52.667500000000004,68.5,63.0,71.075,73.21,51.0025,82.5175,52.3775,41.525,48.7425,6.0,6.0,530.0,480.0,,99.75,90.75,95.0,94.75,76.75,96.0,87.5,89.0,93.0,95.5,93.0,87.5,92.0,91.5,84.5,90.75,86.66666666666667,86.0,1
20052034,61.885,49.75,60.0,66.175,84.78,54.144999999999996,79.07,67.32000000000001,43.8825,44.7525,6.0,1.0,470.0,530.0,,92.25,80.75,81.0,91.75,78.0,91.5,79.0,80.25,86.25,90.0,90.75,75.25,84.25,81.75,80.0,87.75,82.0,77.25,0
20052035,52.49,62.75,64.25,59.457499999999996,79.13,51.82,78.77250000000001,61.769999999999996,47.3025,55.942499999999995,9.0,13.0,510.0,480.0,,99.25,92.0,96.25,97.5,81.25,98.25,88.0,88.75,94.0,96.25,98.0,89.25,95.5,89.25,88.75,91.5,87.0,90.0,0
20052036,79.1075,93.5,75.75,82.10499999999999,90.8675,69.0275,87.595,80.6725,70.0375,64.855,0.0,4.0,510.0,620.0,,100.0,96.0,99.25,99.5,97.5,99.75,99.75,99.0,96.25,100.0,99.0,97.75,96.75,95.75,98.5,97.75,100.0,98.25,1
20052037,55.51,49.666666666666664,68.33333333333333,57.21666666666666,69.64333333333333,45.666666666666664,90.13666666666666,59.22,52.88666666666666,57.53666666666667,2.0,6.0,480.0,470.0,,92.75,83.75,77.5,88.5,82.5,92.0,81.5,79.0,90.25,91.5,87.25,76.25,92.75,83.75,83.25,91.0,83.66666666666667,81.0,0
20052038,68.8175,84.5,66.5,71.2675,84.7275,76.7075,84.6775,70.0875,57.88250000000001,56.747499999999995,0.0,0.0,550.0,560.0,,99.75,92.5,93.25,98.0,91.75,97.75,100.0,96.5,92.25,97.75,98.5,86.75,93.0,93.0,93.5,93.25,95.66666666666667,97.5,1
20052039,59.6075,68.75,62.75,65.44,80.86250000000001,60.765,74.32,59.0325,50.1275,53.4725,0.0,0.0,530.0,450.0,,98.25,89.5,83.5,97.25,88.5,94.25,98.0,87.75,92.0,96.25,94.75,85.25,95.5,90.25,88.0,92.0,92.0,95.5,0
20052040,64.6475,59.0,63.0,59.2375,73.11,50.805,77.1925,72.065,52.292500000000004,45.9975,1.0,0.0,490.0,550.0,,98.25,86.25,81.25,94.5,73.5,94.5,88.75,92.25,92.25,95.0,94.5,83.75,90.75,90.25,87.25,93.25,85.33333333333333,95.0,1
20052041,62.66,49.75,63.0,55.51,78.065,52.5125,81.6125,58.765,54.6825,58.802499999999995,0.0,0.0,460.0,520.0,,96.5,87.0,82.0,97.5,74.25,96.75,83.5,84.5,93.5,93.0,93.5,83.5,93.0,84.75,83.25,89.5,84.33333333333333,84.25,0
20052042,65.06,68.25,70.5,73.2075,86.215,54.2575,80.925,69.0825,58.8875,63.2975,5.0,3.0,,,,83.25,85.5,92.0,96.25,78.0,98.0,84.75,79.25,88.75,86.75,92.0,79.5,89.75,88.0,76.75,89.25,87.66666666666667,91.25,1
20052043,78.095,68.0,82.5,83.4025,85.405,76.05,86.945,80.05499999999999,68.2225,67.0075,0.0,12.0,520.0,580.0,,90.75,93.0,95.0,95.75,88.25,97.0,95.75,92.5,91.75,95.25,97.25,91.25,86.5,91.0,82.75,91.0,91.0,96.25,1
20052044,67.41499999999999,68.75,63.5,72.115,86.6925,66.1175,84.11,65.625,60.735,46.19,0.0,5.0,480.0,610.0,,96.5,92.75,96.5,95.5,89.25,98.75,99.75,100.0,94.25,96.25,97.0,84.5,93.5,90.5,90.0,92.25,97.66666666666667,93.75,1
20052045,72.24000000000001,84.25,63.75,66.17999999999999,79.5525,55.53,82.4125,65.9825,49.4425,44.45,1.0,0.0,560.0,570.0,,92.75,75.5,76.0,81.75,83.0,78.25,81.25,80.5,82.5,88.5,79.5,73.5,80.25,85.75,79.75,81.0,77.0,75.5,1
20052068,60.167500000000004,62.5,56.75,66.6675,81.2825,64.275,86.3575,74.05,43.9125,64.1425,0.0,0.0,490.0,440.0,,88.75,88.75,88.25,94.0,85.5,96.75,86.25,81.75,90.5,87.5,93.5,73.25,91.25,87.75,83.75,89.75,91.66666666666667,80.25,0
20052072,55.887499999999996,49.5,58.0,53.23,70.89750000000001,48.175,74.505,55.1625,43.0275,32.3525,0.0,0.0,450.0,430.0,,94.75,81.25,79.75,82.75,71.0,87.25,80.5,83.25,85.5,94.0,91.25,77.0,86.0,89.25,81.75,89.75,75.33333333333333,78.25,0
20052092,55.545,65.75,69.0,63.184999999999995,70.7325,52.542500000000004,78.875,59.662499999999994,51.2375,55.2275,0.0,0.0,540.0,520.0,,98.0,90.5,95.75,97.25,91.75,98.5,97.0,89.25,92.75,98.25,94.0,92.25,94.5,91.75,92.25,96.0,95.0,96.75,0
20052150,59.90833333333333,65.0,50.833333333333336,52.385,79.675,55.961666666666666,61.666666666666664,61.788333333333334,44.00333333333333,44.21,0.0,0.0,,,,100.0,90.5,98.25,83.75,91.25,92.75,89.75,92.75,84.5,96.0,92.5,83.75,89.25,90.5,79.5,98.5,87.25,85.5,0
20052151,61.830000000000005,79.33333333333333,62.666666666666664,67.03666666666668,86.52333333333333,66.88166666666666,55.333333333333336,58.22,44.58833333333333,65.15666666666667,4.0,0.0,,,,99.0,89.75,99.0,87.5,83.5,100.0,90.25,88.5,83.5,97.25,88.75,91.75,87.0,91.5,85.75,97.5,88.25,92.0,1
20052152,46.97,55.0,44.0,62.552,75.604,67.584,60.8,64.414,44.480000000000004,60.120000000000005,0.0,2.0,,,,87.25,88.25,79.0,81.0,82.75,97.25,82.5,84.5,83.25,86.25,85.25,82.25,90.25,82.25,89.0,86.25,90.5,82.75,1
20052153,52.19333333333333,63.0,58.5,56.77166666666667,82.20166666666667,66.47833333333334,59.166666666666664,72.74333333333334,56.48333333333333,56.835,5.0,0.0,,,,100.0,92.75,99.25,90.5,93.5,99.5,92.25,92.25,91.25,98.0,98.0,91.0,96.0,95.25,96.0,98.0,94.25,90.5,1
20052154,59.56333333333333,64.83333333333333,66.83333333333333,46.931666666666665,82.89833333333333,68.74833333333333,42.333333333333336,53.975,40.053333333333335,69.845,8.0,13.0,,,,85.75,86.0,83.25,80.5,73.25,99.75,76.5,77.25,87.75,84.25,85.75,85.0,83.5,83.0,72.0,94.25,74.5,71.25,1
20052155,83.466,94.4,79.0,78.034,89.916,73.49600000000001,78.8,87.332,73.6,79.0,0.0,9.0,,,,100.0,97.0,93.25,92.5,96.75,96.75,100.0,100.0,96.5,100.0,99.25,95.75,98.75,98.75,94.75,100.0,97.0,99.25,1
20052156,54.13166666666667,70.0,58.0,67.98,83.25666666666667,62.471666666666664,60.666666666666664,61.85999999999999,48.52,50.968333333333334,19.0,10.0,,,,92.0,92.5,89.5,84.5,83.0,94.0,93.75,89.5,85.75,88.75,96.0,86.5,94.25,89.75,84.75,99.75,90.75,82.25,1
20052157,52.836666666666666,69.16666666666667,50.5,56.78,81.91166666666668,58.278333333333336,49.666666666666664,61.583333333333336,41.538333333333334,43.36666666666667,2.0,7.0,,,,92.0,87.25,81.5,83.5,76.5,99.75,78.25,82.5,80.5,94.0,93.75,82.5,87.75,87.5,79.25,94.5,79.0,75.75,0
20052159,42.774,48.0,39.4,46.338,61.878,52.105999999999995,43.4,54.986000000000004,27.619999999999997,54.986000000000004,8.0,3.0,,,,71.0,78.0,68.5,68.75,72.5,77.25,70.0,75.25,73.25,74.0,73.75,67.25,71.5,74.0,69.5,72.0,68.0,69.5,0
20052161,48.089999999999996,67.33333333333333,52.833333333333336,60.20333333333334,77.88166666666666,61.835,51.833333333333336,70.98333333333333,43.15833333333333,56.53,5.0,2.0,,,,98.5,93.25,100.0,92.25,85.25,93.75,91.5,96.75,90.25,96.25,98.0,94.25,95.0,94.25,92.5,97.25,91.75,93.0,1
20052162,57.35833333333333,57.666666666666664,69.83333333333333,74.08166666666666,91.315,72.04833333333333,75.5,81.66833333333334,50.843333333333334,74.015,6.0,4.0,,,,99.0,97.5,94.75,96.5,92.5,98.0,99.5,100.0,95.25,99.25,98.75,93.0,98.5,95.75,96.0,96.75,96.25,95.25,1
20052271,62.976,72.6,67.6,74.96000000000001,84.592,67.55199999999999,65.0,73.168,46.63,68.334,0.0,0.0,,,,99.0,92.25,99.5,89.25,85.75,94.5,87.0,89.0,90.75,94.0,96.0,89.5,87.75,95.75,91.0,100.0,87.0,92.25,1
20052282,50.542,57.4,58.2,57.815999999999995,76.34,60.013999999999996,53.0,71.922,42.384,52.698,4.0,2.0,,,,90.5,83.5,71.75,70.0,71.75,83.5,76.25,78.0,74.0,96.25,89.25,78.0,80.0,89.5,87.5,82.0,81.5,81.75,1
20052366,44.845,60.75,58.25,64.535,70.74000000000001,62.1875,48.0,52.894999999999996,53.825,67.065,0.0,,,,,,,,,,,,,89.25,95.25,83.5,82.75,84.0,91.75,81.0,84.5,81.0,81.0,0
20062001,59.312,54.4,63.6,56.196000000000005,87.896,55.902,40.4,49.760000000000005,49.498000000000005,53.6,0.0,0.0,440.0,500.0,86.0,95.5,87.0,81.5,83.5,81.75,90.75,84.5,85.0,87.66666666666667,95.25,81.66666666666667,84.0,83.33333333333333,82.0,78.33333333333333,86.66666666666667,67.66666666666667,82.66666666666667,0
20062002,81.502,77.8,69.4,84.244,86.858,74.032,71.6,85.498,80.026,72.024,0.0,0.0,520.0,440.0,93.5,97.75,90.5,87.75,93.0,92.5,93.5,96.5,89.75,89.75,98.0,94.0,93.0,93.33333333333333,91.75,94.75,96.0,89.33333333333333,90.75,1
20062004,63.4925,65.5,58.0,44.605000000000004,86.4375,67.77250000000001,47.5,60.76,64.3275,44.2775,2.0,24.0,430.0,390.0,89.5,95.0,86.5,81.25,89.5,79.0,89.0,87.0,85.5,88.25,96.75,92.0,80.5,82.0,88.25,78.25,93.5,81.66666666666667,93.0,1
20062005,71.985,53.0,46.0,46.65,74.47,58.55,54.75,67.0675,74.4925,59.215,0.0,0.0,420.0,350.0,86.0,84.25,81.0,73.25,77.25,78.5,76.5,78.25,89.25,82.75,93.5,80.0,70.25,80.33333333333333,81.0,80.5,88.0,86.33333333333333,87.25,0
20062006,73.172,67.4,57.4,67.494,81.732,63.734,58.0,70.946,78.924,72.366,8.0,3.0,440.0,430.0,91.5,95.5,80.5,80.0,89.25,93.25,89.5,90.75,90.25,90.0,97.25,74.5,82.25,87.5,86.75,94.75,92.25,91.66666666666667,87.5,0
20062007,45.244,31.5,45.666666666666664,40.913333333333334,78.015,54.169999999999995,47.0,47.95333333333334,46.85,38.416666666666664,1.0,8.0,380.0,340.0,86.0,92.25,86.5,75.0,78.25,71.75,77.0,79.0,81.75,81.75,95.5,91.0,74.0,74.5,82.25,79.0,91.25,77.66666666666667,90.25,0
20062008,45.81333333333333,50.0,45.0,71.0,74.5,76.5,29.5,46.61,61.0,23.5,0.0,1.0,400.0,380.0,92.5,95.5,87.5,84.5,88.75,84.5,93.75,96.0,89.5,90.5,98.25,95.0,83.0,95.5,96.25,93.25,95.75,85.33333333333333,93.5,0
20062010,65.33,35.5,42.495,58.46333333333333,77.76,62.5475,43.25,49.545,50.432500000000005,48.7175,44.0,6.0,410.0,430.0,89.0,94.75,84.0,77.25,87.0,84.25,85.0,89.5,84.75,85.75,94.25,81.0,76.25,83.0,79.0,74.75,82.25,86.0,81.5,0
20062011,55.542500000000004,48.0,45.5,38.2775,77.505,60.32,29.75,57.6275,55.8,39.68,0.0,4.0,450.0,390.0,89.0,90.75,87.0,80.0,89.75,78.25,82.75,84.25,84.0,87.75,96.0,89.0,79.0,85.5,91.0,79.75,91.25,81.66666666666667,89.0,0
20062012,88.938,93.0,76.314,74.315,93.6325,77.652,80.8,85.19800000000001,88.918,76.40599999999999,0.0,0.0,490.0,540.0,97.0,99.0,98.0,97.25,98.25,93.25,99.25,100.0,100.0,97.5,99.75,99.0,97.0,98.0,99.0,99.5,98.75,98.66666666666667,98.75,1
20062013,50.085,61.0,54.5,50.9025,72.08,65.41,38.25,56.81,62.625,45.572500000000005,0.0,0.0,380.0,350.0,91.5,90.0,84.5,76.5,88.0,81.5,80.5,89.0,86.75,89.25,97.75,93.0,81.25,88.5,87.75,86.0,94.5,89.33333333333333,92.75,0
20062014,63.730000000000004,78.75,48.0975,63.123333333333335,75.45,64.65,52.5,58.205,62.29,42.3425,0.0,0.0,370.0,370.0,92.0,93.5,89.0,75.25,87.0,75.75,80.25,85.75,88.75,88.0,95.5,84.0,76.0,82.5,84.5,79.5,90.5,80.66666666666667,89.25,0
20062015,63.715,80.5,47.235,63.836666666666666,86.41666666666667,73.03,50.25,61.3625,64.5875,49.005,0.0,1.0,450.0,540.0,95.0,97.5,92.5,94.25,97.0,87.5,97.5,98.0,92.5,94.75,98.75,97.0,95.75,95.0,94.75,88.0,96.25,96.0,94.5,0
20062017,34.792,31.0,55.0,44.948,76.036,50.20399999999999,40.8,47.396,32.336,45.186,0.0,0.0,430.0,410.0,82.5,93.0,85.5,61.5,80.0,71.25,80.0,69.5,72.0,74.66666666666667,90.25,85.0,74.33333333333333,84.66666666666667,85.33333333333333,61.333333333333336,78.33333333333333,64.33333333333333,70.33333333333333,0
20062018,93.308,80.4,75.5,89.375,98.5,85.556,76.8,84.538,89.554,78.974,0.0,16.0,540.0,660.0,97.0,99.5,96.5,95.0,98.25,97.25,99.25,99.75,100.0,97.0,99.5,95.5,94.25,97.5,97.5,98.0,98.5,99.33333333333333,96.5,1
20062019,64.298,53.8,52.831999999999994,56.6125,81.6975,75.258,51.6,65.46799999999999,57.326,42.246,0.0,6.0,460.0,390.0,92.5,93.25,89.5,86.5,92.5,83.75,88.75,90.5,79.75,90.75,97.0,95.0,85.75,92.5,90.25,89.5,94.75,85.0,88.5,0
20062020,66.39750000000001,66.75,45.5075,56.60333333333333,82.05666666666667,69.875,57.5,54.63,66.24000000000001,70.1575,0.0,2.0,470.0,410.0,88.5,94.25,77.0,87.25,80.25,77.75,95.75,84.25,86.5,87.75,95.5,91.5,75.0,70.0,74.0,89.25,85.5,75.0,84.25,0
20062021,70.744,70.4,60.2,61.098,86.94200000000001,64.61,56.4,67.048,69.776,65.878,0.0,0.0,480.0,370.0,94.0,96.75,86.5,83.75,91.25,92.5,90.25,88.75,89.75,86.25,97.0,82.5,84.0,85.5,87.5,93.0,94.75,90.66666666666667,90.25,1
20062022,80.838,73.0,68.43199999999999,73.33500000000001,85.575,73.646,68.6,81.048,79.816,69.708,0.0,0.0,480.0,510.0,94.5,96.5,95.0,96.0,98.0,88.5,98.75,100.0,97.75,95.75,99.0,96.0,95.25,95.0,94.5,97.0,95.25,97.33333333333333,93.25,0
20062024,41.9625,35.0,44.0,33.0025,81.0725,68.52,29.5,46.504999999999995,47.1075,29.2425,0.0,2.0,340.0,380.0,82.0,93.0,88.5,78.75,80.5,73.0,80.5,80.0,81.5,85.5,95.75,86.0,81.25,77.0,84.25,77.0,91.75,75.0,88.5,0
20062025,61.735,66.75,59.0,62.019999999999996,78.6125,62.417500000000004,55.25,68.05,65.92750000000001,23.95,0.0,0.0,450.0,440.0,95.0,95.0,95.0,88.0,95.75,87.5,95.0,95.0,86.0,92.5,98.0,97.5,89.0,96.5,94.5,96.25,92.0,93.33333333333333,90.25,0
20062028,53.5225,58.0,40.82,64.38333333333334,77.72666666666667,62.057500000000005,57.25,54.260000000000005,62.67,63.3625,0.0,1.0,430.0,410.0,70.0,86.25,72.0,73.0,72.75,73.75,82.75,76.5,74.75,73.25,90.0,80.5,71.5,77.0,81.75,74.25,88.0,70.66666666666667,76.75,0
20062029,62.2375,69.5,49.8675,53.13333333333333,79.21333333333332,75.185,49.75,67.235,62.85,57.5775,0.0,7.0,400.0,410.0,94.0,90.75,90.0,87.0,96.75,84.25,86.5,87.5,87.5,94.25,97.5,96.0,85.75,91.5,91.0,87.0,94.75,89.33333333333333,89.5,0
20062030,51.508,43.4,47.4,43.81,79.884,40.79,46.6,53.14,31.4,36.972,13.0,0.0,440.0,420.0,83.25,92.25,82.0,73.5,84.0,83.25,83.5,83.75,83.0,73.0,90.0,85.33333333333333,78.66666666666667,83.0,79.66666666666667,78.66666666666667,77.0,70.33333333333333,81.66666666666667,0
20062031,76.258,79.8,58.4,72.592,82.462,69.84400000000001,58.0,64.52000000000001,82.668,60.812,0.0,0.0,380.0,420.0,95.0,98.75,94.0,87.75,98.5,91.25,93.0,95.25,94.25,96.5,99.25,96.5,90.25,98.5,96.0,91.75,96.25,96.66666666666667,94.25,0
20062032,86.4625,85.25,63.946875,83.95333333333333,83.53333333333333,79.8325,80.75,86.5625,83.5075,67.1625,1.0,4.0,550.0,520.0,80.0,91.25,80.0,74.0,77.0,83.25,90.75,95.25,90.5,81.25,96.5,91.5,84.5,93.5,87.25,97.0,89.25,98.33333333333333,76.5,1
20062033,56.0375,69.5,62.8025,56.446666666666665,82.62,73.05250000000001,43.5,64.3225,65.635,59.655,1.0,1.0,430.0,530.0,94.5,96.5,87.0,93.0,91.0,86.0,95.75,89.5,90.25,88.75,97.0,84.0,89.5,94.0,94.25,89.0,96.5,82.33333333333333,87.25,0
20062034,73.77,62.333333333333336,69.0,46.913333333333334,83.75,76.53333333333333,60.666666666666664,77.39333333333333,78.02,51.89333333333334,0.0,0.0,510.0,460.0,94.5,96.5,96.5,88.0,95.0,86.5,96.0,97.0,89.5,92.0,99.0,93.5,89.75,98.5,97.25,94.75,95.5,92.33333333333333,92.5,0
20062037,73.7875,67.5,58.5,65.24,82.16499999999999,71.395,55.25,61.3725,73.955,48.0075,0.0,0.0,440.0,460.0,90.0,95.5,87.5,83.0,84.5,88.25,91.5,91.5,91.75,90.0,98.0,92.5,82.0,91.0,90.75,94.5,94.5,82.0,93.75,1
20062053,75.87166666666667,82.57142857142857,69.59714285714286,74.47333333333334,91.96499999999999,77.73857142857142,67.14285714285714,80.58428571428571,83.91571428571429,62.73428571428571,0.0,10.0,500.0,590.0,98.0,99.0,98.5,99.0,99.5,92.5,100.0,97.5,98.25,94.5,99.25,99.0,99.25,97.0,99.5,94.25,100.0,94.0,97.75,1
20062073,53.422000000000004,68.2,52.2,49.5,73.748,52.90599999999999,38.8,52.053999999999995,33.260000000000005,52.462,0.0,0.0,450.0,320.0,81.0,96.25,84.0,77.0,86.5,75.5,84.0,78.75,91.0,80.33333333333333,96.25,87.33333333333333,77.0,88.66666666666667,84.0,83.33333333333333,82.0,84.33333333333333,90.66666666666667,0
20062087,94.7125,95.33333333333333,80.66666666666667,86.0,89.33333333333333,85.66666666666667,83.33333333333333,95.14666666666666,100.0,91.0,0.0,0.0,560.0,630.0,97.5,99.75,98.5,96.5,97.75,97.75,99.5,100.0,100.0,95.25,100.0,98.0,96.75,98.0,98.0,100.0,98.25,97.66666666666667,97.75,1
20062138,63.1,87.25,71.5,74.3425,86.7375,67.3625,84.6775,66.0225,63.1475,68.3275,3.0,15.0,590.0,570.0,,100.0,95.75,99.0,99.0,96.25,99.75,100.0,99.0,94.25,99.0,97.75,96.75,97.5,93.0,94.5,97.0,100.0,99.0,1
20062139,66.595,68.5,64.75,64.77000000000001,56.95,42.345,75.4525,61.6275,39.81,54.245,0.0,0.0,560.0,540.0,,96.5,77.5,80.25,87.25,66.75,89.25,67.25,87.75,83.5,93.5,90.75,80.5,78.25,89.0,80.75,89.75,73.66666666666667,83.0,0
20062140,54.825,75.0,66.75,62.580000000000005,73.36,57.775,75.9175,57.1875,38.1125,59.552499999999995,2.0,0.0,510.0,440.0,,95.0,81.75,78.5,83.25,72.5,88.75,77.25,74.0,85.0,90.75,88.75,76.75,87.75,81.75,80.75,88.0,82.33333333333333,78.75,0
20062141,69.99333333333333,83.0,65.66666666666667,68.81,91.91000000000001,69.07000000000001,80.0,83.59333333333333,54.876666666666665,65.63,2.0,3.0,530.0,510.0,,92.25,89.25,75.25,90.75,83.5,89.25,88.25,95.75,94.5,91.5,94.25,76.0,88.75,88.75,83.75,85.0,91.0,96.75,1
20062142,71.7925,55.5,53.75,60.892500000000005,83.6925,73.1,85.8275,64.7275,58.237500000000004,57.917500000000004,3.0,9.0,500.0,560.0,,80.5,83.25,79.5,79.5,72.25,88.75,89.25,75.75,88.0,89.5,93.5,72.75,88.5,83.5,85.25,88.5,91.66666666666667,82.75,1
20062143,77.3,81.5,71.5,76.595,91.91,77.505,85.5275,77.09,70.5525,63.0575,5.0,2.0,570.0,570.0,,99.5,96.0,99.5,99.0,98.5,99.5,100.0,99.25,97.5,99.0,96.75,96.5,98.0,93.75,97.75,96.75,100.0,98.0,1
20062144,64.73,74.75,74.75,72.315,87.06,65.515,86.2,71.7525,44.885,74.745,2.0,9.0,530.0,590.0,,92.0,85.5,85.5,83.25,80.25,97.25,78.0,84.5,91.75,90.5,85.75,82.0,78.0,86.0,82.25,90.0,81.66666666666667,76.0,1
20062147,66.3725,68.0,68.75,80.295,83.8,54.082499999999996,81.3,75.4275,57.46,64.3825,9.0,14.0,,,,75.25,82.75,82.5,93.25,73.75,96.25,85.0,77.0,87.5,81.5,92.25,78.75,93.0,87.75,85.5,85.5,88.33333333333333,80.75,1
20062193,62.435,44.0,41.855000000000004,26.69666666666667,78.17666666666666,53.36,40.25,49.825,52.4725,47.2625,0.0,3.0,270.0,350.0,91.0,91.75,80.5,76.5,82.25,72.75,79.5,76.25,78.75,84.75,96.25,83.0,78.0,82.0,86.5,79.0,91.75,81.0,91.0,0
20062194,53.7475,62.0,61.5,68.9675,66.52250000000001,47.5725,79.0,67.05749999999999,40.58,54.6675,0.0,0.0,490.0,580.0,,96.0,84.5,86.75,96.75,74.75,97.75,79.25,78.0,88.0,90.5,95.5,78.75,85.25,88.5,79.5,89.75,80.0,79.25,1
20062259,50.928333333333335,56.833333333333336,48.166666666666664,51.326666666666675,73.89666666666666,50.879999999999995,46.166666666666664,62.580000000000005,47.54,60.205000000000005,10.0,9.0,,,,80.5,85.75,84.0,77.25,81.0,92.25,87.75,82.5,79.5,85.75,85.75,82.25,78.5,84.75,74.75,85.0,79.0,73.75,1
20062260,59.629999999999995,53.4,58.6,45.220000000000006,74.596,67.12,39.0,56.178,36.186,60.977999999999994,5.0,13.0,,,,80.5,85.0,85.0,75.25,75.25,86.5,82.75,91.5,76.0,87.5,74.75,75.5,72.5,78.25,70.75,86.0,74.0,74.25,1
20062294,79.44833333333334,72.66666666666667,72.16666666666667,77.69833333333334,88.06,63.593333333333334,76.83333333333333,86.15666666666668,68.045,67.16666666666667,0.0,0.0,,,,91.0,90.75,99.5,85.0,92.5,93.75,91.5,88.75,93.5,98.0,96.5,93.0,97.0,95.75,96.25,99.75,98.25,95.5,1
20062351,66.06,61.0,57.833333333333336,71.17166666666667,85.51333333333334,62.75333333333333,71.83333333333333,83.90333333333332,60.370000000000005,61.81666666666666,13.0,14.0,,,,95.75,89.25,88.0,84.75,89.0,98.75,98.25,89.25,81.75,92.25,86.5,84.25,84.0,92.5,80.25,92.5,86.5,93.25,1
20062365,35.5975,41.0,34.0,52.485,77.945,55.0475,52.5,54.589999999999996,44.935,48.1,0.0,,,,,,,,,,,,,85.75,100.0,94.25,82.0,89.5,91.25,94.25,82.25,91.75,83.0,0
20062393,55.5325,64.75,73.5,63.040000000000006,87.6175,73.69749999999999,47.0,59.43,47.835,74.105,1.0,,,,,,,,,,,,,92.0,95.5,90.0,90.0,84.0,92.5,87.0,100.0,81.25,83.0,1
20070170,41.57333333333333,46.833333333333336,48.333333333333336,43.025,74.04,52.61333333333334,28.666666666666668,36.68333333333333,32.83833333333333,45.59666666666667,10.0,19.0,,,,77.0,79.0,66.0,72.5,69.25,77.0,75.5,76.75,74.5,84.0,80.5,71.5,73.0,79.5,69.5,71.0,65.75,69.5,0
20070273,48.485,25.0,61.75,67.2375,85.30499999999999,60.822500000000005,61.5,58.9775,35.7525,69.2225,3.0,,,,,,,,,,,,,81.75,81.75,77.0,75.0,78.5,81.5,76.0,77.5,72.0,77.25,1
20072001,63.568000000000005,77.6,56.6,58.553999999999995,88.542,59.144000000000005,50.6,64.144,48.93,47.476,12.0,0.0,450.0,390.0,90.25,94.0,88.0,80.25,91.0,83.25,92.5,87.5,84.25,85.66666666666667,94.5,98.0,82.0,83.33333333333333,90.33333333333333,77.66666666666667,87.66666666666667,75.66666666666667,90.33333333333333,0
20072002,72.95599999999999,83.0,71.8,63.260000000000005,92.006,66.488,57.4,61.983999999999995,49.589999999999996,56.062,0.0,0.0,500.0,640.0,85.5,93.5,86.5,79.0,90.0,76.0,93.25,82.0,87.25,86.33333333333333,94.25,92.33333333333333,83.0,81.66666666666667,94.66666666666667,79.33333333333333,92.0,73.66666666666667,83.66666666666667,1
20072003,82.276,59.6,75.4,68.346,96.55199999999999,69.462,62.4,70.96600000000001,57.326,68.82000000000001,9.0,0.0,580.0,590.0,97.25,99.0,93.5,91.25,96.0,99.5,97.5,100.0,94.75,93.66666666666667,99.25,98.66666666666667,96.66666666666667,97.0,96.33333333333333,95.0,96.0,99.33333333333333,96.66666666666667,1
20072004,50.744,48.2,48.8,42.336,88.872,52.088,43.6,48.628,39.112,47.056,0.0,0.0,360.0,500.0,78.75,86.5,86.0,75.25,71.5,76.75,89.5,69.5,75.5,71.33333333333333,85.0,82.0,57.333333333333336,74.0,61.0,78.0,78.33333333333333,65.33333333333333,71.33333333333333,0
20072005,53.628,61.0,60.6,50.728,90.076,52.714,50.4,56.624,59.376,54.11999999999999,3.0,0.0,460.0,470.0,82.75,96.5,87.5,77.0,88.0,86.0,93.25,88.5,84.5,87.33333333333333,93.5,92.66666666666667,77.66666666666667,91.0,85.33333333333333,88.66666666666667,87.33333333333333,85.0,92.33333333333333,0
20072007,65.306,60.8,59.4,52.65,87.75800000000001,53.08,41.8,55.25599999999999,52.239999999999995,48.636,12.0,1.0,450.0,440.0,80.0,90.75,69.5,70.5,69.5,74.75,86.75,69.75,78.0,76.33333333333333,91.5,84.0,72.0,72.66666666666667,75.33333333333333,65.66666666666667,90.0,68.0,63.666666666666664,0
20072008,63.152,79.4,72.0,58.4,83.96799999999999,62.374,56.6,62.376,51.331999999999994,58.562,3.0,0.0,510.0,410.0,95.0,98.75,95.0,93.25,100.0,90.5,96.0,96.75,94.5,94.0,99.0,93.66666666666667,89.66666666666667,99.0,96.66666666666667,93.66666666666667,98.33333333333333,93.0,95.0,1
20072009,80.94,87.8,70.2,66.938,93.174,73.232,67.8,73.224,67.66799999999999,65.976,7.0,0.0,520.0,570.0,97.0,99.75,93.0,97.25,99.0,94.0,97.25,100.0,96.75,93.33333333333333,100.0,98.33333333333333,99.33333333333333,96.66666666666667,97.66666666666667,96.0,100.0,99.0,97.0,1
20072010,58.068000000000005,54.4,48.0,52.536,85.55199999999999,54.148,41.4,59.694,39.958000000000006,43.516,9.0,24.0,470.0,410.0,86.5,95.5,94.0,78.0,91.5,77.75,90.75,79.75,86.25,85.66666666666667,95.0,92.0,71.0,86.0,89.33333333333333,85.0,88.66666666666667,77.33333333333333,86.33333333333333,0
20072011,82.67999999999999,69.2,65.6,65.19800000000001,93.08,60.888,66.2,73.336,63.634,58.012,3.0,0.0,500.0,520.0,94.25,98.25,89.0,85.25,97.0,97.0,93.25,100.0,92.25,90.0,95.0,98.0,84.0,91.0,88.66666666666667,91.0,94.66666666666667,91.0,90.66666666666667,1
20072013,75.598,91.4,75.8,59.708000000000006,85.388,67.776,52.2,60.102,51.102,67.78,0.0,0.0,410.0,460.0,95.25,99.0,95.0,94.75,97.5,93.25,94.5,95.25,95.0,95.66666666666667,99.75,99.0,98.33333333333333,98.0,98.33333333333333,94.33333333333333,100.0,94.33333333333333,99.0,1
20072014,74.422,80.0,65.8,63.14200000000001,92.4,58.298,52.2,63.636,53.48,52.104,0.0,0.0,460.0,470.0,88.0,96.25,89.5,78.25,90.5,86.5,91.0,89.75,84.25,84.33333333333333,95.25,93.33333333333333,81.33333333333333,93.33333333333333,95.33333333333333,84.66666666666667,92.33333333333333,84.0,91.33333333333333,1
20072015,78.51,89.6,75.4,67.93199999999999,93.2,63.166,68.8,69.138,56.214,64.47999999999999,6.0,0.0,500.0,610.0,97.5,98.0,95.5,89.25,94.0,98.25,98.0,100.0,98.5,95.33333333333333,98.75,99.66666666666667,93.0,97.0,96.66666666666667,97.0,99.66666666666667,95.0,95.66666666666667,1
20072016,71.77799999999999,76.0,64.8,64.348,89.798,65.248,60.4,61.51800000000001,57.29,60.246,8.0,0.0,500.0,530.0,95.5,98.25,93.0,82.75,95.0,94.5,96.0,98.0,92.0,88.33333333333333,97.5,99.66666666666667,85.66666666666667,90.33333333333333,91.66666666666667,85.66666666666667,90.66666666666667,95.66666666666667,92.33333333333333,1
20072017,73.526,73.0,67.2,60.931999999999995,88.48400000000001,57.772000000000006,52.4,59.55999999999999,52.624,60.602,1.0,0.0,450.0,410.0,92.25,98.25,93.0,87.75,92.0,90.0,95.0,96.5,93.5,85.66666666666667,95.25,86.33333333333333,85.66666666666667,92.66666666666667,88.0,87.0,89.0,85.0,84.33333333333333,1
20072018,65.574,79.2,72.6,70.128,91.4,59.95399999999999,64.8,63.596000000000004,55.51800000000001,66.518,14.0,0.0,500.0,550.0,91.5,96.75,87.0,85.25,92.0,87.75,93.25,97.0,84.5,85.0,96.5,86.0,82.0,90.66666666666667,92.66666666666667,91.66666666666667,96.33333333333333,91.0,94.33333333333333,0
20072019,70.976,65.8,63.8,69.14399999999999,92.238,62.352,61.6,67.71000000000001,49.182,58.092,0.0,0.0,490.0,500.0,97.0,96.5,93.5,94.25,94.5,94.5,93.25,100.0,96.75,94.33333333333333,99.0,99.33333333333333,97.0,98.66666666666667,93.0,96.0,94.66666666666667,96.0,97.33333333333333,1
20072020,69.814,81.2,63.8,63.577999999999996,93.42,60.903999999999996,49.2,59.220000000000006,45.501999999999995,51.906000000000006,22.0,1.0,430.0,480.0,91.75,97.0,96.0,90.25,90.0,91.75,96.0,95.5,91.0,87.0,98.0,98.33333333333333,94.0,96.0,96.0,89.66666666666667,95.66666666666667,93.33333333333333,92.0,0
20072021,60.31,66.0,62.2,50.260000000000005,86.712,56.001999999999995,51.6,66.392,42.656,53.098,1.0,0.0,450.0,420.0,83.75,90.25,90.5,77.5,82.5,82.0,90.25,89.25,88.75,86.33333333333333,93.25,93.66666666666667,77.66666666666667,84.0,87.33333333333333,86.0,87.0,83.33333333333333,92.66666666666667,1
20072022,65.25399999999999,61.0,57.8,58.504,91.03200000000001,59.726,50.8,60.848,50.034000000000006,57.480000000000004,0.0,0.0,470.0,510.0,97.0,99.25,94.0,92.75,95.0,96.5,97.5,100.0,97.0,86.66666666666667,97.5,97.33333333333333,91.33333333333333,87.33333333333333,92.66666666666667,88.66666666666667,91.33333333333333,90.33333333333333,90.33333333333333,0
20072023,85.666,71.2,62.4,74.752,89.016,63.977999999999994,70.4,76.804,69.424,59.3,17.0,0.0,,,98.75,99.75,95.5,90.0,98.0,97.0,97.25,100.0,97.0,95.33333333333333,99.75,89.66666666666667,67.0,81.66666666666667,95.0,100.0,99.33333333333333,98.66666666666667,98.33333333333333,1
20072024,89.782,79.6,80.4,77.10799999999999,95.26,71.718,79.6,89.75,63.974000000000004,79.64200000000001,5.0,0.0,650.0,690.0,93.5,97.0,94.0,89.75,96.0,89.5,96.5,96.5,92.5,90.66666666666667,97.0,88.66666666666667,73.33333333333333,92.33333333333333,95.0,96.0,95.0,99.33333333333333,91.66666666666667,1
20072026,63.04600000000001,66.0,57.4,61.95799999999999,90.968,61.42999999999999,54.8,65.248,56.75,47.251999999999995,1.0,0.0,490.0,500.0,95.25,97.25,93.5,90.0,92.5,90.0,94.75,99.0,91.25,88.33333333333333,97.25,96.33333333333333,80.66666666666667,94.33333333333333,92.33333333333333,90.66666666666667,91.33333333333333,91.66666666666667,90.66666666666667,1
20072050,81.28200000000001,74.4,76.2,60.726,94.24600000000001,72.362,53.0,56.63199999999999,61.044000000000004,62.798,20.0,0.0,430.0,530.0,92.0,96.75,91.0,82.25,89.5,89.0,93.0,91.0,89.5,92.0,92.75,97.0,87.66666666666667,89.0,86.33333333333333,68.0,90.33333333333333,86.0,87.0,1
20072052,76.72200000000001,74.4,70.4,76.97200000000001,89.462,64.35799999999999,66.6,80.41,61.339999999999996,60.903999999999996,5.0,6.0,530.0,590.0,95.5,98.25,94.5,92.75,97.5,91.5,92.5,100.0,96.25,94.66666666666667,99.25,97.66666666666667,89.0,94.0,96.33333333333333,95.33333333333333,96.0,97.66666666666667,97.0,1
20072053,46.574,51.2,56.4,49.446,90.52799999999999,55.99400000000001,39.6,49.832,40.660000000000004,50.882,0.0,0.0,430.0,410.0,89.5,96.75,91.0,78.5,89.0,86.25,94.75,74.25,89.75,87.66666666666667,94.5,92.33333333333333,77.0,88.33333333333333,84.66666666666667,76.0,83.66666666666667,79.33333333333333,88.33333333333333,0
20072054,71.03,61.0,69.4,60.984,93.056,64.512,60.2,66.59200000000001,64.08200000000001,60.90999999999999,9.0,0.0,480.0,410.0,95.5,98.75,94.0,88.0,95.0,87.5,96.5,99.5,93.5,96.33333333333333,99.0,93.66666666666667,87.0,98.0,96.0,92.0,96.66666666666667,92.0,96.33333333333333,1
20072058,66.114,69.8,64.6,76.16600000000001,90.418,57.972,64.4,76.43199999999999,53.126,52.638,13.0,0.0,500.0,480.0,85.25,95.25,91.5,84.0,87.5,84.5,94.25,91.0,88.5,81.0,89.75,92.33333333333333,69.66666666666667,88.0,88.66666666666667,76.33333333333333,90.0,88.0,89.66666666666667,1
20072062,69.868,71.2,60.6,58.465999999999994,88.392,55.614,52.6,55.346000000000004,40.068,54.4,1.0,0.0,440.0,420.0,91.25,95.5,91.0,81.0,93.0,87.0,92.5,80.5,85.75,86.0,94.75,89.66666666666667,81.66666666666667,87.66666666666667,89.66666666666667,76.0,93.33333333333333,72.33333333333333,88.0,0
20072063,53.168000000000006,47.6,54.2,52.23,87.532,58.948,49.0,60.52,46.30800000000001,49.41,37.0,0.0,500.0,460.0,85.25,94.5,87.5,85.5,95.0,80.0,93.0,80.75,90.25,82.0,97.25,92.66666666666667,80.66666666666667,94.66666666666667,88.0,78.0,94.33333333333333,77.33333333333333,86.33333333333333,0
20072128,75.8,84.75,72.7175,65.04333333333334,88.2,76.435,54.25,59.075,71.77,60.9325,0.0,8.0,480.0,560.0,87.0,96.75,90.5,92.25,96.0,88.0,96.75,90.5,92.0,91.75,97.0,87.5,84.25,83.0,94.25,75.0,91.25,81.0,89.5,1
20072129,47.664,52.8,57.8,47.088,83.05,51.086,49.4,50.528,43.06,54.148,33.0,0.0,430.0,420.0,73.5,86.75,78.5,71.0,73.0,65.5,72.0,65.75,67.25,72.33333333333333,91.75,80.0,70.33333333333333,83.66666666666667,60.333333333333336,83.33333333333333,78.33333333333333,68.0,70.66666666666667,0
20072130,82.03999999999999,83.75,76.25,78.195,86.5475,84.2625,55.75,79.75,83.84,84.7,0.0,3.0,450.0,460.0,90.0,93.25,93.0,81.5,87.75,85.25,89.75,85.5,87.25,89.5,97.5,95.5,85.0,90.5,91.25,86.75,92.75,89.0,82.25,1
20072132,79.986,85.2,67.6,80.5,88.522,74.68199999999999,76.0,83.10600000000001,87.46000000000001,79.38,0.0,0.0,530.0,530.0,95.0,92.0,95.5,93.25,98.25,96.5,99.75,100.0,99.0,96.75,99.25,99.5,93.0,97.5,96.0,100.0,97.0,98.66666666666667,94.0,1
20072136,81.4625,91.75,61.525,56.973333333333336,86.10000000000001,72.5275,54.0,55.587500000000006,69.2875,70.8425,0.0,6.0,440.0,480.0,87.5,97.0,89.5,85.0,94.5,81.5,92.5,83.0,86.25,92.25,97.5,95.5,88.25,84.0,95.75,84.5,94.25,80.0,92.75,1
20072137,66.89750000000001,71.25,55.8775,65.64,67.39,72.355,37.5,47.72,66.7325,54.682500000000005,0.0,0.0,460.0,600.0,71.0,93.75,77.5,77.0,82.0,64.33333333333333,85.25,70.5,89.25,83.25,93.25,86.0,74.5,81.5,92.75,68.5,86.0,63.0,84.25,0
20072138,82.786,89.6,73.522,78.38,89.0,78.992,77.4,78.00399999999999,81.81,73.92,0.0,0.0,520.0,540.0,98.5,99.0,97.0,96.0,99.25,95.25,97.75,100.0,98.5,97.75,99.75,99.0,94.25,98.0,97.25,100.0,96.5,99.66666666666667,97.25,1
20072139,54.1975,47.75,57.75,57.480000000000004,80.92,57.4775,46.5,67.705,69.52,70.5075,0.0,12.0,480.0,390.0,76.0,84.5,76.5,72.75,81.25,74.0,79.75,80.75,80.5,83.0,94.5,83.5,76.75,74.5,81.5,77.5,91.0,84.0,78.25,0
20072140,85.228,95.4,74.313,79.845,91.4025,81.326,74.0,86.13199999999999,89.09,75.488,0.0,0.0,500.0,510.0,93.0,96.25,86.0,86.25,92.25,89.0,90.5,94.5,90.5,89.75,98.0,92.0,86.75,94.5,93.75,88.0,96.0,99.33333333333333,93.25,1
20072157,77.72999999999999,71.0,61.5,77.84,85.17,70.4525,51.75,64.9425,72.625,59.575,0.0,0.0,450.0,460.0,94.5,97.75,91.0,87.75,97.0,91.0,93.75,92.25,88.0,93.5,98.0,97.5,88.5,90.5,96.25,87.5,90.5,88.33333333333333,93.25,0
20072160,86.208,78.4,74.018,84.41499999999999,93.5,83.084,80.4,88.614,90.534,74.884,1.0,7.0,540.0,450.0,91.0,96.75,90.0,88.0,91.25,93.5,92.25,93.5,94.0,91.5,98.0,97.5,90.75,97.5,96.0,98.5,96.75,100.0,94.25,1
20072249,76.8175,74.5,80.75,75.0775,90.02,79.6425,88.7625,84.5675,69.59,73.1725,8.0,24.0,530.0,490.0,,99.0,85.25,83.75,90.5,90.5,96.0,100.0,93.75,89.25,97.0,89.75,79.0,90.75,90.75,90.75,90.75,99.66666666666667,97.0,1
20072261,53.5575,62.25,63.5,54.49,71.9425,49.6225,80.1575,56.21,33.2525,58.1025,1.0,0.0,490.0,500.0,,74.25,75.0,74.75,78.0,71.75,83.25,71.25,69.75,78.5,83.0,79.25,70.5,77.5,74.0,73.5,79.5,74.33333333333333,74.5,0
20072268,61.44,59.25,52.75,61.894999999999996,72.43,56.9075,76.4225,57.6875,40.3225,41.175,4.0,0.0,500.0,440.0,,95.75,80.25,80.0,87.5,77.25,86.0,78.25,77.5,84.0,91.75,80.25,83.5,88.0,90.75,81.5,86.75,86.33333333333333,86.25,0
20072364,51.721666666666664,63.833333333333336,45.166666666666664,50.86666666666667,72.45,50.53666666666667,57.0,63.94333333333333,41.68833333333333,44.885,1.0,1.0,,,,94.0,89.75,84.75,81.0,88.0,100.0,96.5,86.75,83.5,97.0,96.0,82.0,96.0,87.0,82.5,94.25,87.5,83.0,0
20080261,44.54333333333333,37.333333333333336,49.666666666666664,46.88666666666666,75.98333333333333,38.833333333333336,50.333333333333336,40.70333333333333,37.919999999999995,44.873333333333335,8.0,,,,,,,,,,,,,84.25,89.0,87.0,76.25,79.0,83.0,78.0,98.75,84.75,76.0,0
20082131,80.648,69.8,76.4,74.946,90.384,66.77000000000001,73.0,77.478,57.053999999999995,65.838,10.0,0.0,480.0,540.0,96.5,98.25,95.5,94.0,96.0,92.25,92.25,100.0,98.75,93.33333333333333,98.25,98.66666666666667,90.66666666666667,95.33333333333333,96.0,90.33333333333333,93.33333333333333,99.33333333333333,97.0,1
20082132,85.438,77.6,77.8,76.022,96.006,72.00399999999999,72.8,69.53,67.238,73.79400000000001,3.0,0.0,490.0,630.0,96.25,99.25,94.5,94.5,100.0,92.75,96.25,97.5,91.25,96.0,99.25,97.66666666666667,97.33333333333333,97.0,97.33333333333333,98.0,100.0,97.33333333333333,97.0,1
20082133,66.74199999999999,72.4,65.6,57.06,88.226,54.45,45.0,63.58,47.354,72.414,0.0,0.0,470.0,490.0,89.25,93.5,91.5,82.5,92.0,81.75,90.0,75.25,86.25,83.33333333333333,88.0,82.66666666666667,77.33333333333333,80.66666666666667,81.66666666666667,65.66666666666667,75.66666666666667,74.0,81.66666666666667,0
20082134,69.9,79.6,64.8,63.418000000000006,91.078,60.839999999999996,48.2,61.504,53.95,61.564,1.0,0.0,450.0,530.0,87.75,93.75,84.0,80.75,92.5,73.75,88.0,78.75,85.25,83.33333333333333,96.75,97.33333333333333,70.0,90.66666666666667,91.66666666666667,79.66666666666667,86.33333333333333,82.33333333333333,91.66666666666667,1
20082135,80.936,71.4,71.2,63.196000000000005,92.274,73.14399999999999,66.0,73.526,71.92999999999999,69.672,7.0,0.0,520.0,550.0,90.0,93.25,90.5,86.0,85.0,79.0,92.25,82.75,82.5,89.33333333333333,93.25,96.66666666666667,84.33333333333333,91.66666666666667,96.33333333333333,81.66666666666667,95.66666666666667,87.0,96.0,1
20082138,62.25,76.0,61.0,50.432,84.38399999999999,58.104,44.8,59.576,53.758,43.124,4.0,0.0,450.0,370.0,80.75,93.25,85.5,73.25,85.0,80.25,82.75,83.25,78.0,77.66666666666667,89.25,90.66666666666667,69.66666666666667,86.0,75.0,69.66666666666667,75.33333333333333,72.66666666666667,72.66666666666667,0
20082139,36.654,33.2,48.6,38.872,78.55600000000001,51.086,40.4,47.308,28.424,34.2,20.0,0.0,,,84.5,90.25,85.0,76.0,79.5,77.0,85.25,71.5,83.5,74.0,87.75,90.0,63.0,75.33333333333333,69.33333333333333,71.33333333333333,82.33333333333333,61.0,65.33333333333333,0
20082141,79.035,81.25,67.5275,59.68666666666667,88.0,76.81,50.75,73.23,78.9625,71.675,0.0,1.0,470.0,700.0,93.5,94.0,88.5,85.5,89.0,87.0,99.5,86.75,88.75,83.75,96.0,81.0,84.5,80.0,90.75,78.75,95.5,80.66666666666667,89.5,1
20082142,85.35,76.0,69.4,83.19399999999999,93.13199999999999,72.228,73.6,78.226,66.856,71.116,0.0,0.0,530.0,570.0,96.75,98.25,91.5,92.0,93.5,93.0,89.75,99.25,93.25,86.0,99.25,97.66666666666667,97.66666666666667,91.0,95.33333333333333,91.66666666666667,95.0,97.0,93.33333333333333,1
20082143,67.608,61.2,70.6,55.172000000000004,94.816,59.382000000000005,57.4,59.876,49.839999999999996,56.112,12.0,0.0,450.0,470.0,84.25,96.25,88.0,81.5,93.0,81.25,96.75,84.75,90.25,94.0,98.5,94.33333333333333,84.33333333333333,90.33333333333333,97.33333333333333,89.0,99.66666666666667,88.66666666666667,93.33333333333333,1
20082154,65.946,64.4,60.0,52.818,92.8,63.70799999999999,51.0,49.456,45.488,54.77,3.0,0.0,490.0,500.0,84.0,92.0,88.0,87.0,85.0,78.0,92.25,75.5,83.75,76.33333333333333,96.25,89.33333333333333,91.33333333333333,84.33333333333333,91.33333333333333,83.0,95.66666666666667,65.33333333333333,77.66666666666667,1
20082156,41.212,44.6,58.0,38.24,73.994,50.87,36.4,44.013999999999996,32.448,43.318,9.0,0.0,410.0,420.0,84.25,89.75,83.0,79.5,71.0,70.5,82.5,71.0,85.25,77.0,91.5,94.0,74.66666666666667,82.66666666666667,88.0,72.0,90.0,71.0,78.0,0
20082157,54.378,75.8,59.2,54.077999999999996,87.168,51.958000000000006,52.4,66.00999999999999,43.233999999999995,52.15599999999999,12.0,21.0,470.0,430.0,74.75,86.5,66.5,58.25,71.0,66.5,83.75,75.0,80.0,82.0,92.0,91.0,72.33333333333333,86.66666666666667,80.66666666666667,71.66666666666667,83.33333333333333,69.33333333333333,74.0,0
20082159,70.738,69.6,58.8,60.812,90.772,57.843999999999994,50.6,53.67,49.676,57.178,0.0,0.0,430.0,520.0,83.0,93.75,89.0,78.5,90.5,82.25,93.0,90.25,85.25,82.0,91.5,94.66666666666667,75.33333333333333,83.0,85.0,80.33333333333333,88.33333333333333,82.66666666666667,72.33333333333333,1
20082172,49.238,51.2,61.4,54.378,90.394,61.146,51.4,58.041999999999994,42.382,51.06,4.0,0.0,470.0,560.0,95.5,98.25,92.5,88.25,91.0,90.75,94.25,97.75,87.25,82.66666666666667,96.5,97.0,85.66666666666667,95.66666666666667,90.66666666666667,75.66666666666667,93.66666666666667,93.0,90.66666666666667,1
20082174,49.67999999999999,41.0,61.2,49.572,84.61600000000001,53.664,49.8,53.548,39.86,52.65,5.0,0.0,360.0,390.0,94.75,99.0,95.0,93.25,100.0,92.0,97.0,96.0,91.25,92.0,97.0,94.33333333333333,83.66666666666667,96.0,91.0,90.0,95.66666666666667,83.66666666666667,95.0,0
20082245,82.59,81.0,57.18,72.45333333333333,82.25666666666666,71.65,57.5,69.4,82.53,72.67750000000001,0.0,1.0,540.0,450.0,92.0,97.5,88.5,87.25,92.0,92.5,92.75,95.25,93.0,93.75,98.75,97.5,87.25,96.5,96.5,94.5,95.0,90.0,92.5,1
20082301,51.0525,49.75,62.5,58.89,71.7425,57.0925,80.1175,67.44,41.965,44.15,5.0,3.0,480.0,430.0,,78.5,79.5,71.0,79.25,71.75,79.25,76.0,72.75,82.0,83.0,78.25,73.25,79.0,81.5,80.0,80.0,78.33333333333333,75.5,0
20090158,49.275,74.75,63.25,68.52,84.3975,66.7325,83.0025,64.0525,56.5975,56.5525,0.0,20.0,480.0,500.0,,92.75,86.25,87.0,98.0,85.0,97.75,88.75,83.0,95.25,96.5,94.0,88.0,95.5,89.25,84.25,93.0,86.33333333333333,90.25,1
20090348,66.775,80.75,68.75,74.7875,88.605,67.2375,59.0,66.3375,55.4725,73.54,0.0,,,,,,,,,,,,,90.25,93.0,86.75,85.75,88.75,92.5,86.0,87.5,89.25,81.25,1
20092236,64.262,61.0,63.0,67.08,91.792,58.9,51.6,69.55,57.104,50.874,6.0,0.0,520.0,570.0,88.75,96.75,90.0,85.25,94.5,81.25,95.0,95.0,81.75,84.0,96.25,93.33333333333333,81.66666666666667,84.33333333333333,93.0,82.66666666666667,97.66666666666667,80.33333333333333,86.33333333333333,1
20092256,63.394000000000005,71.0,69.2,66.56800000000001,91.776,70.736,58.0,69.256,60.364,56.342,6.0,0.0,500.0,550.0,97.0,98.0,94.0,91.5,90.5,96.0,96.5,100.0,95.25,91.66666666666667,97.0,88.33333333333333,91.66666666666667,96.0,88.66666666666667,95.66666666666667,91.66666666666667,94.0,93.66666666666667,1
20092269,59.95399999999999,68.0,59.2,56.112,88.962,59.412,44.4,66.23400000000001,50.096000000000004,61.339999999999996,0.0,0.0,480.0,500.0,86.5,93.75,89.0,81.0,77.5,78.25,93.0,79.5,83.25,81.33333333333333,93.5,79.33333333333333,80.33333333333333,81.66666666666667,80.33333333333333,70.0,88.0,74.0,86.66666666666667,1
20092272,63.475,59.0,51.75,53.807500000000005,89.815,64.7,47.25,60.42,71.685,61.35,0.0,3.0,430.0,520.0,84.5,95.0,83.5,86.75,92.25,86.0,89.0,89.75,88.0,84.75,96.5,77.5,81.5,85.0,93.25,84.0,97.0,82.0,92.0,0
20092280,30.53,23.0,35.0,25.419999999999998,62.608000000000004,25.814,28.0,34.924,35.18,29.139999999999997,8.0,0.0,340.0,320.0,74.0,84.75,74.0,61.75,87.5,62.5,76.0,65.0,79.75,72.66666666666667,95.5,85.66666666666667,79.66666666666667,74.66666666666667,71.33333333333333,,77.33333333333333,81.33333333333333,75.66666666666667,0
20092355,58.457499999999996,52.0,48.0275,47.35666666666666,73.22333333333334,66.09,41.5,46.06,50.465,47.0175,0.0,0.0,380.0,380.0,91.0,94.5,90.0,85.0,94.75,78.75,88.25,84.25,86.0,93.0,96.0,92.5,84.0,83.5,93.25,80.75,90.5,81.33333333333333,79.0,0
20092374,56.22,74.0,40.25,60.3025,82.8575,61.205,48.75,49.3425,62.8625,45.0075,0.0,0.0,400.0,470.0,89.5,96.75,77.5,84.25,93.5,81.25,90.25,84.25,88.25,87.75,97.5,97.5,88.5,88.0,93.0,85.75,94.75,86.0,91.0,0
20100277,67.15,58.75,65.75,73.685,94.83,68.365,87.505,79.0625,72.7125,63.855000000000004,4.0,1.0,570.0,560.0,,96.5,91.0,98.25,99.25,96.0,99.25,100.0,97.25,94.25,94.5,95.75,84.25,96.75,92.25,88.75,95.75,98.66666666666667,98.75,1
20100485,67.73666666666666,58.333333333333336,75.33333333333333,69.14,84.26333333333334,70.60333333333334,67.33333333333333,67.50333333333333,74.27666666666666,67.62666666666667,3.0,,,,,,,,,,,,,84.5,85.25,80.75,78.5,71.5,83.75,83.75,81.25,79.0,79.25,0
20102278,77.274,52.8,72.2,61.089999999999996,88.724,62.926,66.2,67.666,57.007999999999996,58.36800000000001,7.0,0.0,500.0,530.0,96.5,97.5,93.5,95.0,91.5,90.75,95.0,97.5,98.0,91.66666666666667,97.75,93.66666666666667,90.66666666666667,87.33333333333333,96.66666666666667,85.33333333333333,88.66666666666667,87.33333333333333,93.0,1
20102301,63.418000000000006,59.4,57.0,52.965999999999994,88.412,54.564,45.2,52.15999999999999,49.866,52.974000000000004,1.0,0.0,450.0,430.0,83.5,90.25,83.0,75.75,92.0,76.25,87.75,78.75,86.75,76.66666666666667,93.25,91.33333333333333,74.0,84.33333333333333,87.66666666666667,74.0,85.33333333333333,74.33333333333333,90.66666666666667,0
20110401,59.412,76.0,70.0,61.04600000000001,87.422,68.616,82.0,76.958,54.4,62.541999999999994,12.0,3.0,,,,92.75,96.0,91.75,92.0,92.75,96.25,99.0,99.75,92.25,96.75,99.0,87.5,98.75,93.75,90.25,89.5,96.0,93.75,1
20112302,56.974000000000004,48.0,50.8,57.678,75.144,52.4,50.8,53.092000000000006,35.658,48.226,13.0,0.0,430.0,360.0,80.75,89.25,85.5,72.75,78.5,78.5,75.0,80.5,80.5,70.33333333333333,89.25,91.33333333333333,72.0,75.66666666666667,78.33333333333333,78.33333333333333,70.0,62.0,72.66666666666667,1
20120084,61.325,74.75,63.5,54.97,87.4575,66.9925,59.5,62.5925,71.955,47.305,0.0,2.0,540.0,590.0,93.5,98.0,94.5,95.25,94.75,91.25,99.25,97.5,90.0,89.5,98.5,95.0,92.25,95.5,94.25,90.75,93.25,87.33333333333333,93.5,1
20120092,83.7775,93.75,75.535,78.80666666666667,87.41666666666667,77.055,62.5,70.025,79.2625,69.88,0.0,13.0,480.0,510.0,97.0,99.0,94.5,95.75,98.5,87.0,99.25,95.5,95.75,91.75,99.0,96.0,95.25,96.5,98.0,95.5,95.75,93.33333333333333,91.0,1
20120093,57.73333333333333,62.333333333333336,58.333333333333336,59.45166666666666,72.59166666666667,59.97833333333333,67.5,64.67999999999999,52.218333333333334,50.25833333333333,0.0,0.0,,,,99.0,93.25,88.25,84.25,93.5,93.75,98.5,89.5,88.0,93.25,97.5,87.25,91.75,91.0,89.75,97.25,90.75,85.75,1
20120097,64.318,64.8,62.4,54.275999999999996,89.27799999999999,63.176,48.0,60.418000000000006,47.480000000000004,53.674,0.0,0.0,480.0,500.0,96.75,98.25,94.0,84.5,91.5,84.75,93.0,99.25,94.5,90.33333333333333,98.0,92.0,85.33333333333333,91.33333333333333,95.33333333333333,85.33333333333333,95.0,92.66666666666667,95.33333333333333,1
20120105,76.556,69.4,72.0,67.13,93.61,60.86,55.8,70.772,57.202,58.581999999999994,10.0,0.0,520.0,650.0,94.0,97.75,93.0,91.5,92.5,91.5,95.5,96.75,94.75,84.33333333333333,97.25,96.66666666666667,87.33333333333333,89.33333333333333,89.33333333333333,91.33333333333333,94.66666666666667,89.66666666666667,91.33333333333333,1
20130062,57.56,55.833333333333336,59.166666666666664,51.67166666666666,80.89666666666666,62.044999999999995,54.166666666666664,70.735,51.06999999999999,56.03666666666667,10.0,6.0,,,,99.5,91.25,91.25,86.75,86.75,92.25,98.75,100.0,88.5,99.25,97.0,89.75,96.0,93.75,88.25,96.75,94.25,95.0,1
20130063,58.982000000000006,71.0,65.8,66.826,90.296,64.428,61.8,65.224,52.13199999999999,50.358,19.0,0.0,470.0,440.0,97.0,99.0,95.0,89.0,94.5,95.75,97.0,100.0,95.5,88.66666666666667,96.0,98.66666666666667,82.0,90.0,87.66666666666667,93.33333333333333,89.0,81.33333333333333,91.33333333333333,0
20130078,46.205,59.25,52.25,54.682500000000005,74.1075,51.1425,76.775,58.1525,36.8975,48.2675,0.0,5.0,460.0,560.0,,99.75,84.25,82.0,93.0,71.0,99.0,79.75,81.25,87.25,94.5,75.75,79.5,87.5,92.75,78.5,91.0,78.0,77.25,0
20130081,64.945,67.75,64.5,73.60249999999999,88.0925,65.525,56.5,70.82249999999999,65.67,65.72,16.0,,,,,,,,,,,,,91.0,89.25,90.5,80.0,94.25,94.75,93.5,90.75,95.0,89.5,1
20150365,66.61749999999999,55.75,57.5,57.1875,67.8725,47.83,76.95,60.682500000000005,41.6925,51.9325,1.0,6.0,420.0,530.0,,99.0,78.25,79.25,87.5,70.5,94.75,82.25,84.25,81.0,96.25,88.5,71.75,85.5,89.75,75.25,92.25,76.0,88.0,0
20150366,57.519999999999996,41.25,37.25,42.0775,70.2825,65.775,37.0,49.4875,57.4525,34.3525,0.0,5.0,400.0,360.0,82.0,93.5,81.5,66.0,78.75,79.5,80.0,72.0,80.75,72.25,90.25,79.0,67.25,70.0,64.75,72.0,77.75,64.66666666666667,81.5,0
20150375,30.756,47.8,52.2,37.988,86.356,48.690000000000005,38.8,49.69199999999999,39.556,51.36,4.0,0.0,460.0,490.0,87.25,95.75,92.5,77.0,92.5,81.0,96.0,80.0,89.75,82.66666666666667,90.25,91.66666666666667,68.0,80.66666666666667,86.33333333333333,71.66666666666667,86.66666666666667,73.66666666666667,79.33333333333333,0
20161097,44.644,36.0,53.2,40.628,90.738,49.078,35.0,43.763999999999996,38.082,39.11,0.0,0.0,440.0,470.0,84.25,92.25,88.0,68.25,79.5,74.5,87.0,74.25,77.25,76.66666666666667,90.75,88.33333333333333,75.33333333333333,79.33333333333333,81.66666666666667,75.33333333333333,88.33333333333333,64.33333333333333,72.66666666666667,0
20161101,57.1175,90.5,72.75,65.945,79.3,63.8,73.66,70.09,47.9075,62.1425,1.0,1.0,420.0,430.0,,96.0,89.0,98.75,97.25,83.25,98.75,89.0,91.75,94.75,97.75,98.25,95.25,95.25,92.25,89.75,94.5,94.66666666666667,94.0,1
20161132,65.22999999999999,52.8,74.6,50.660000000000004,91.714,62.928,49.0,51.934000000000005,42.05,64.212,6.0,0.0,470.0,430.0,93.25,95.25,93.5,86.5,93.5,80.25,95.25,78.25,91.25,87.33333333333333,94.75,91.0,83.66666666666667,89.66666666666667,84.33333333333333,77.0,83.66666666666667,73.66666666666667,82.0,1
20161147,60.285,73.5,67.5,56.739999999999995,78.44749999999999,62.1925,59.0,65.3075,69.205,67.7525,2.0,,,,,,,,,,,,,94.25,98.0,94.75,89.0,92.75,95.0,92.25,93.0,95.25,93.0,1
20170173,70.096,69.6,72.6,61.028,88.166,65.368,43.6,56.653999999999996,43.056,79.22999999999999,14.0,8.0,400.0,500.0,82.5,85.75,80.0,67.0,92.0,74.0,83.5,70.75,76.0,84.66666666666667,90.5,81.66666666666667,73.0,76.66666666666667,83.66666666666667,71.33333333333333,89.66666666666667,70.66666666666667,81.0,1
20170174,48.995000000000005,34.0,54.25,61.9025,57.9925,41.545,75.81,28.724999999999998,46.4,50.932500000000005,0.0,0.0,,,,94.0,83.75,97.5,82.75,72.25,97.75,70.75,82.0,79.75,92.5,88.0,85.25,85.75,86.25,74.0,89.75,67.33333333333333,70.75,0
20181181,100.0,93.4,82.866,92.945,91.28,89.152,91.6,93.732,91.812,80.202,0.0,9.0,620.0,710.0,96.0,98.5,98.0,99.5,98.0,99.5,100.0,100.0,100.0,94.5,98.75,98.0,98.25,98.0,98.75,99.25,98.25,98.33333333333333,96.0,1
20181195,70.6925,72.25,52.0,59.845,83.41499999999999,61.4425,47.25,55.105000000000004,65.675,54.0175,0.0,8.0,450.0,490.0,90.5,94.0,89.0,82.75,93.5,84.0,92.25,87.75,85.5,88.0,97.75,86.0,88.25,91.5,94.0,88.5,90.0,87.0,93.0,0
20181206,83.936,79.4,74.8,73.444,95.20599999999999,72.376,64.4,71.556,69.894,77.752,1.0,0.0,500.0,640.0,98.25,99.25,97.0,97.5,95.0,95.0,96.5,100.0,97.0,95.66666666666667,99.0,99.33333333333333,99.66666666666667,97.0,97.0,97.0,93.66666666666667,91.0,94.33333333333333,1
20181207,69.3575,61.5,70.0,55.905,90.74000000000001,67.1925,50.75,64.27,52.68,62.07,3.0,0.0,470.0,660.0,92.75,98.25,90.5,89.5,98.5,88.0,94.0,94.25,92.5,94.66666666666667,97.75,93.0,89.0,96.66666666666667,92.66666666666667,92.0,94.66666666666667,84.0,94.66666666666667,1
20181208,70.97999999999999,68.2,65.8,59.67999999999999,89.106,56.424,51.6,62.214,54.69,51.001999999999995,1.0,0.0,450.0,470.0,90.25,97.25,89.0,85.25,94.5,90.0,93.25,96.5,91.5,91.0,95.25,89.66666666666667,86.0,92.33333333333333,90.33333333333333,78.33333333333333,91.33333333333333,76.33333333333333,89.66666666666667,0
20181209,56.339999999999996,50.333333333333336,54.333333333333336,60.589999999999996,65.10333333333334,57.666666666666664,94.00999999999999,54.076666666666675,55.76333333333333,46.74333333333334,1.0,,,,,,,,,,,,,84.5,92.75,80.0,73.25,83.25,82.0,77.0,87.25,78.66666666666667,81.0,0
20191098,79.776,69.4,71.4,65.64,93.324,62.260000000000005,58.2,66.41,44.766,64.28200000000001,0.0,0.0,480.0,470.0,98.0,99.0,95.5,96.5,95.5,88.75,91.25,98.5,98.5,87.33333333333333,98.25,98.66666666666667,97.66666666666667,96.33333333333333,94.33333333333333,88.33333333333333,95.0,94.33333333333333,96.33333333333333,1
20191189,69.66,70.0,55.0,71.5875,85.77000000000001,62.1875,68.0,69.8425,56.877500000000005,52.6025,13.0,0.0,470.0,400.0,90.75,96.75,93.0,81.75,96.5,85.75,88.5,97.25,93.0,89.0,96.5,90.66666666666667,84.33333333333333,97.66666666666667,89.66666666666667,85.66666666666667,93.66666666666667,90.66666666666667,93.33333333333333,1
20191192,84.512,75.8,72.0,80.986,92.886,70.366,69.8,80.71600000000001,66.126,75.102,11.0,0.0,540.0,580.0,98.0,97.25,97.0,95.0,96.5,92.25,96.25,100.0,97.0,93.33333333333333,98.5,98.33333333333333,93.0,96.0,89.33333333333333,91.66666666666667,96.66666666666667,98.66666666666667,95.66666666666667,1
20201075,65.072,79.8,66.0,66.444,88.27799999999999,66.978,55.8,60.379999999999995,57.260000000000005,52.354,3.0,0.0,,,91.75,98.5,92.0,86.0,97.5,93.75,96.25,95.0,90.0,87.66666666666667,97.75,92.66666666666667,78.0,94.0,93.0,90.66666666666667,93.66666666666667,91.66666666666667,94.66666666666667,1
20201099,81.61,70.25,81.5,76.35249999999999,93.9375,75.9075,57.0,75.245,70.935,77.67750000000001,12.0,0.0,,,90.75,98.25,92.5,94.75,94.5,85.5,94.75,88.25,92.75,96.33333333333333,98.5,93.0,92.66666666666667,92.66666666666667,90.0,90.0,97.0,69.66666666666667,93.0,1
