codigo,anio_escolar,grado,asignatura,resultado
20052001,2017-2018,10,Reading and Writing,610
20052001,2017-2018,10,Math,530
20052001,2017-2018,10,Combinado,1140
20072278,2017-2018,10,Reading and Writing,570
20072278,2017-2018,10,Math,500
20072278,2017-2018,10,Combinado,1070
20072268,2017-2018,10,Reading and Writing,440
20072268,2017-2018,10,Math,500
20072268,2017-2018,10,Combinado,940
20062138,2017-2018,10,Reading and Writing,570
20062138,2017-2018,10,Math,590
20062138,2017-2018,10,Combinado,1160
20062139,2017-2018,10,Reading and Writing,540
20062139,2017-2018,10,Math,560
20062139,2017-2018,10,Combinado,1100
20100277,2017-2018,10,Reading and Writing,560
20100277,2017-2018,10,Math,570
20100277,2017-2018,10,Combinado,1130
20052007,2017-2018,10,Reading and Writing,530
20052007,2017-2018,10,Math,530
20052007,2017-2018,10,Combinado,1060
20042003,2017-2018,10,Reading and Writing,490
20042003,2017-2018,10,Math,420
20042003,2017-2018,10,Combinado,910
20072241,2017-2018,10,Reading and Writing,440
20072241,2017-2018,10,Math,460
20072241,2017-2018,10,Combinado,900
20082301,2017-2018,10,Reading and Writing,430
20082301,2017-2018,10,Math,480
20082301,2017-2018,10,Combinado,910
20052008,2017-2018,10,Reading and Writing,340
20052008,2017-2018,10,Math,490
20052008,2017-2018,10,Combinado,830
20052005,2017-2018,10,Reading and Writing,550
20052005,2017-2018,10,Math,520
20052005,2017-2018,10,Combinado,1070
20052068,2017-2018,10,Reading and Writing,440
20052068,2017-2018,10,Math,490
20052068,2017-2018,10,Combinado,930
20052069,2017-2018,10,Reading and Writing,450
20052069,2017-2018,10,Math,470
20052069,2017-2018,10,Combinado,920
20062062,2017-2018,10,Reading and Writing,690
20062062,2017-2018,10,Math,530
20062062,2017-2018,10,Combinado,1220
20130078,2017-2018,10,Reading and Writing,560
20130078,2017-2018,10,Math,460
20130078,2017-2018,10,Combinado,1020
20052012,2017-2018,10,Reading and Writing,500
20052012,2017-2018,10,Math,480
20052012,2017-2018,10,Combinado,980
20042015,2017-2018,10,Reading and Writing,450
20042015,2017-2018,10,Math,460
20042015,2017-2018,10,Combinado,910
20052063,2017-2018,10,Reading and Writing,410
20052063,2017-2018,10,Math,410
20052063,2017-2018,10,Combinado,820
20062140,2017-2018,10,Reading and Writing,440
20062140,2017-2018,10,Math,510
20062140,2017-2018,10,Combinado,950
20052092,2017-2018,10,Reading and Writing,520
20052092,2017-2018,10,Math,540
20052092,2017-2018,10,Combinado,1060
20052011,2017-2018,10,Reading and Writing,580
20052011,2017-2018,10,Math,510
20052011,2017-2018,10,Combinado,1090
20042020,2017-2018,10,Reading and Writing,450
20042020,2017-2018,10,Math,440
20042020,2017-2018,10,Combinado,890
20062141,2017-2018,10,Reading and Writing,510
20062141,2017-2018,10,Math,530
20062141,2017-2018,10,Combinado,1040
20052013,2017-2018,10,Reading and Writing,540
20052013,2017-2018,10,Math,480
20052013,2017-2018,10,Combinado,1020
20062142,2017-2018,10,Reading and Writing,560
20062142,2017-2018,10,Math,500
20062142,2017-2018,10,Combinado,1060
20052016,2017-2018,10,Reading and Writing,530
20052016,2017-2018,10,Math,530
20052016,2017-2018,10,Combinado,1060
20090164,2017-2018,10,Reading and Writing,530
20090164,2017-2018,10,Math,510
20090164,2017-2018,10,Combinado,1040
20052018,2017-2018,10,Reading and Writing,540
20052018,2017-2018,10,Math,560
20052018,2017-2018,10,Combinado,1100
20052049,2017-2018,10,Reading and Writing,540
20052049,2017-2018,10,Math,570
20052049,2017-2018,10,Combinado,1110
20052019,2017-2018,10,Reading and Writing,520
20052019,2017-2018,10,Math,560
20052019,2017-2018,10,Combinado,1080
20052020,2017-2018,10,Reading and Writing,450
20052020,2017-2018,10,Math,440
20052020,2017-2018,10,Combinado,890
20052023,2017-2018,10,Reading and Writing,470
20052023,2017-2018,10,Math,470
20052023,2017-2018,10,Combinado,940
20052024,2017-2018,10,Reading and Writing,560
20052024,2017-2018,10,Math,480
20052024,2017-2018,10,Combinado,1040
20052021,2017-2018,10,Reading and Writing,480
20052021,2017-2018,10,Math,400
20052021,2017-2018,10,Combinado,880
20052070,2017-2018,10,Reading and Writing,590
20052070,2017-2018,10,Math,520
20052070,2017-2018,10,Combinado,1110
20042030,2017-2018,10,Reading and Writing,480
20042030,2017-2018,10,Math,440
20042030,2017-2018,10,Combinado,920
20052072,2017-2018,10,Reading and Writing,430
20052072,2017-2018,10,Math,450
20052072,2017-2018,10,Combinado,880
20062143,2017-2018,10,Reading and Writing,570
20062143,2017-2018,10,Math,570
20062143,2017-2018,10,Combinado,1140
20052025,2017-2018,10,Reading and Writing,480
20052025,2017-2018,10,Math,530
20052025,2017-2018,10,Combinado,1010
20150365,2017-2018,10,Reading and Writing,530
20150365,2017-2018,10,Math,420
20150365,2017-2018,10,Combinado,950
20161101,2017-2018,10,Reading and Writing,430
20161101,2017-2018,10,Math,420
20161101,2017-2018,10,Combinado,850
20052031,2017-2018,10,Reading and Writing,480
20052031,2017-2018,10,Math,430
20052031,2017-2018,10,Combinado,910
20052029,2017-2018,10,Reading and Writing,530
20052029,2017-2018,10,Math,510
20052029,2017-2018,10,Combinado,1040
20042034,2017-2018,10,Reading and Writing,520
20042034,2017-2018,10,Math,490
20042034,2017-2018,10,Combinado,1010
20052032,2017-2018,10,Reading and Writing,590
20052032,2017-2018,10,Math,480
20052032,2017-2018,10,Combinado,1070
20052028,2017-2018,10,Reading and Writing,530
20052028,2017-2018,10,Math,540
20052028,2017-2018,10,Combinado,1070
20052033,2017-2018,10,Reading and Writing,480
20052033,2017-2018,10,Math,530
20052033,2017-2018,10,Combinado,1010
20062144,2017-2018,10,Reading and Writing,590
20062144,2017-2018,10,Math,530
20062144,2017-2018,10,Combinado,1120
20090158,2017-2018,10,Reading and Writing,500
20090158,2017-2018,10,Math,480
20090158,2017-2018,10,Combinado,980
20052037,2017-2018,10,Reading and Writing,470
20052037,2017-2018,10,Math,480
20052037,2017-2018,10,Combinado,950
20052034,2017-2018,10,Reading and Writing,530
20052034,2017-2018,10,Math,470
20052034,2017-2018,10,Combinado,1000
20052035,2017-2018,10,Reading and Writing,480
20052035,2017-2018,10,Math,510
20052035,2017-2018,10,Combinado,990
20052036,2017-2018,10,Reading and Writing,620
20052036,2017-2018,10,Math,510
20052036,2017-2018,10,Combinado,1130
20052041,2017-2018,10,Reading and Writing,520
20052041,2017-2018,10,Math,460
20052041,2017-2018,10,Combinado,980
20052039,2017-2018,10,Reading and Writing,450
20052039,2017-2018,10,Math,530
20052039,2017-2018,10,Combinado,980
20052040,2017-2018,10,Reading and Writing,550
20052040,2017-2018,10,Math,490
20052040,2017-2018,10,Combinado,1040
20042049,2017-2018,10,Reading and Writing,500
20042049,2017-2018,10,Math,580
20042049,2017-2018,10,Combinado,1080
20072261,2017-2018,10,Reading and Writing,500
20072261,2017-2018,10,Math,490
20072261,2017-2018,10,Combinado,990
20062194,2017-2018,10,Reading and Writing,580
20062194,2017-2018,10,Math,490
20062194,2017-2018,10,Combinado,1070
20052038,2017-2018,10,Reading and Writing,560
20052038,2017-2018,10,Math,550
20052038,2017-2018,10,Combinado,1110
20062146,2017-2018,10,Reading and Writing,530
20062146,2017-2018,10,Math,540
20062146,2017-2018,10,Combinado,1070
20052043,2017-2018,10,Reading and Writing,580
20052043,2017-2018,10,Math,520
20052043,2017-2018,10,Combinado,1100
20052044,2017-2018,10,Reading and Writing,610
20052044,2017-2018,10,Math,480
20052044,2017-2018,10,Combinado,1090
20072249,2017-2018,10,Reading and Writing,490
20072249,2017-2018,10,Math,530
20072249,2017-2018,10,Combinado,1020
20052045,2017-2018,10,Reading and Writing,570
20052045,2017-2018,10,Math,560
20052045,2017-2018,10,Combinado,1130
20052047,2017-2018,10,Reading and Writing,510
20052047,2017-2018,10,Math,460
20052047,2017-2018,10,Combinado,970
20052047,2017-2018,10,Reading and Writing,470
20052047,2017-2018,10,Math,480
20052047,2017-2018,10,Combinado,950
20092272,2018-2019,10,Reading and Writing,520
20092272,2018-2019,10,Math,430
20092272,2018-2019,10,Combinado,950
20072128,2018-2019,10,Reading and Writing,560
20072128,2018-2019,10,Math,480
20072128,2018-2019,10,Combinado,1040
20062002,2018-2019,10,Reading and Writing,440
20062002,2018-2019,10,Math,520
20062002,2018-2019,10,Combinado,960
20072130,2018-2019,10,Reading and Writing,460
20072130,2018-2019,10,Math,450
20072130,2018-2019,10,Combinado,910
20092374,2018-2019,10,Reading and Writing,470
20092374,2018-2019,10,Math,400
20092374,2018-2019,10,Combinado,870
20072132,2018-2019,10,Reading and Writing,530
20072132,2018-2019,10,Math,530
20072132,2018-2019,10,Combinado,1060
20062005,2018-2019,10,Reading and Writing,350
20062005,2018-2019,10,Math,420
20062005,2018-2019,10,Combinado,770
20062004,2018-2019,10,Reading and Writing,390
20062004,2018-2019,10,Math,430
20062004,2018-2019,10,Combinado,820
20062006,2018-2019,10,Reading and Writing,430
20062006,2018-2019,10,Math,440
20062006,2018-2019,10,Combinado,870
20062008,2018-2019,10,Reading and Writing,380
20062008,2018-2019,10,Math,400
20062008,2018-2019,10,Combinado,780
20062007,2018-2019,10,Reading and Writing,340
20062007,2018-2019,10,Math,380
20062007,2018-2019,10,Combinado,720
20062010,2018-2019,10,Reading and Writing,430
20062010,2018-2019,10,Math,410
20062010,2018-2019,10,Combinado,840
20062011,2018-2019,10,Reading and Writing,390
20062011,2018-2019,10,Math,450
20062011,2018-2019,10,Combinado,840
20120084,2018-2019,10,Reading and Writing,590
20120084,2018-2019,10,Math,540
20120084,2018-2019,10,Combinado,1130
20062012,2018-2019,10,Reading and Writing,540
20062012,2018-2019,10,Math,490
20062012,2018-2019,10,Combinado,1030
20062193,2018-2019,10,Reading and Writing,350
20062193,2018-2019,10,Math,270
20062193,2018-2019,10,Combinado,620
20062014,2018-2019,10,Reading and Writing,370
20062014,2018-2019,10,Math,370
20062014,2018-2019,10,Combinado,740
20062013,2018-2019,10,Reading and Writing,350
20062013,2018-2019,10,Math,380
20062013,2018-2019,10,Combinado,730
20072242,2018-2019,10,Reading and Writing,360
20072242,2018-2019,10,Math,360
20072242,2018-2019,10,Combinado,720
20062015,2018-2019,10,Reading and Writing,540
20062015,2018-2019,10,Math,450
20062015,2018-2019,10,Combinado,990
20072160,2018-2019,10,Reading and Writing,450
20072160,2018-2019,10,Math,540
20072160,2018-2019,10,Combinado,990
20062087,2018-2019,10,Reading and Writing,630
20062087,2018-2019,10,Math,560
20062087,2018-2019,10,Combinado,1190
20092355,2018-2019,10,Reading and Writing,380
20092355,2018-2019,10,Math,380
20092355,2018-2019,10,Combinado,760
20052017,2018-2019,10,Reading and Writing,360
20052017,2018-2019,10,Math,360
20052017,2018-2019,10,Combinado,720
20062018,2018-2019,10,Reading and Writing,660
20062018,2018-2019,10,Math,540
20062018,2018-2019,10,Combinado,1200
20062019,2018-2019,10,Reading and Writing,390
20062019,2018-2019,10,Math,460
20062019,2018-2019,10,Combinado,850
20062020,2018-2019,10,Reading and Writing,410
20062020,2018-2019,10,Math,470
20062020,2018-2019,10,Combinado,880
20062021,2018-2019,10,Reading and Writing,370
20062021,2018-2019,10,Math,480
20062021,2018-2019,10,Combinado,850
20062053,2018-2019,10,Reading and Writing,590
20062053,2018-2019,10,Math,500
20062053,2018-2019,10,Combinado,1090
20181181,2018-2019,10,Reading and Writing,710
20181181,2018-2019,10,Math,620
20181181,2018-2019,10,Combinado,1330
20062022,2018-2019,10,Reading and Writing,510
20062022,2018-2019,10,Math,480
20062022,2018-2019,10,Combinado,990
20072157,2018-2019,10,Reading and Writing,460
20072157,2018-2019,10,Math,450
20072157,2018-2019,10,Combinado,910
20082141,2018-2019,10,Reading and Writing,700
20082141,2018-2019,10,Math,470
20082141,2018-2019,10,Combinado,1170
20150366,2018-2019,10,Reading and Writing,360
20150366,2018-2019,10,Math,400
20150366,2018-2019,10,Combinado,760
20062024,2018-2019,10,Reading and Writing,380
20062024,2018-2019,10,Math,340
20062024,2018-2019,10,Combinado,720
20062025,2018-2019,10,Reading and Writing,440
20062025,2018-2019,10,Math,450
20062025,2018-2019,10,Combinado,890
20120092,2018-2019,10,Reading and Writing,510
20120092,2018-2019,10,Math,480
20120092,2018-2019,10,Combinado,990
20072137,2018-2019,10,Reading and Writing,600
20072137,2018-2019,10,Math,460
20072137,2018-2019,10,Combinado,1060
20072136,2018-2019,10,Reading and Writing,480
20072136,2018-2019,10,Math,440
20072136,2018-2019,10,Combinado,920
20072138,2018-2019,10,Reading and Writing,540
20072138,2018-2019,10,Math,520
20072138,2018-2019,10,Combinado,1060
20062028,2018-2019,10,Reading and Writing,410
20062028,2018-2019,10,Math,430
20062028,2018-2019,10,Combinado,840
20062029,2018-2019,10,Reading and Writing,410
20062029,2018-2019,10,Math,400
20062029,2018-2019,10,Combinado,810
20082245,2018-2019,10,Reading and Writing,450
20082245,2018-2019,10,Math,540
20082245,2018-2019,10,Combinado,990
20062031,2018-2019,10,Reading and Writing,420
20062031,2018-2019,10,Math,380
20062031,2018-2019,10,Combinado,800
20072139,2018-2019,10,Reading and Writing,390
20072139,2018-2019,10,Math,480
20072139,2018-2019,10,Combinado,870
20181195,2018-2019,10,Reading and Writing,490
20181195,2018-2019,10,Math,450
20181195,2018-2019,10,Combinado,940
20062032,2018-2019,10,Reading and Writing,520
20062032,2018-2019,10,Math,550
20062032,2018-2019,10,Combinado,1070
20072140,2018-2019,10,Reading and Writing,510
20072140,2018-2019,10,Math,500
20072140,2018-2019,10,Combinado,1010
20062033,2018-2019,10,Reading and Writing,530
20062033,2018-2019,10,Math,430
20062033,2018-2019,10,Combinado,960
20062034,2018-2019,10,Reading and Writing,460
20062034,2018-2019,10,Math,510
20062034,2018-2019,10,Combinado,970
20062037,2018-2019,10,Reading and Writing,460
20062037,2018-2019,10,Math,440
20062037,2018-2019,10,Combinado,900
20082131,2019-2020,10,Reading and Writing,540
20082131,2019-2020,10,Math,480
20082131,2019-2020,10,Combinado,1020
20062001,2019-2020,10,Reading and Writing,500
20062001,2019-2020,10,Math,440
20062001,2019-2020,10,Combinado,940
20072129,2019-2020,10,Reading and Writing,420
20072129,2019-2020,10,Math,430
20072129,2019-2020,10,Combinado,850
20072001,2019-2020,10,Reading and Writing,390
20072001,2019-2020,10,Math,450
20072001,2019-2020,10,Combinado,840
20062073,2019-2020,10,Reading and Writing,320
20062073,2019-2020,10,Math,450
20062073,2019-2020,10,Combinado,770
20072002,2019-2020,10,Reading and Writing,640
20072002,2019-2020,10,Math,500
20072002,2019-2020,10,Combinado,1140
20082132,2019-2020,10,Reading and Writing,630
20082132,2019-2020,10,Math,490
20082132,2019-2020,10,Combinado,1120
20072003,2019-2020,10,Reading and Writing,590
20072003,2019-2020,10,Math,580
20072003,2019-2020,10,Combinado,1170
20072005,2019-2020,10,Reading and Writing,470
20072005,2019-2020,10,Math,460
20072005,2019-2020,10,Combinado,930
20072004,2019-2020,10,Reading and Writing,500
20072004,2019-2020,10,Math,360
20072004,2019-2020,10,Combinado,860
20181206,2019-2020,10,Reading and Writing,640
20181206,2019-2020,10,Math,500
20181206,2019-2020,10,Combinado,1140
20102278,2019-2020,10,Reading and Writing,530
20102278,2019-2020,10,Math,500
20102278,2019-2020,10,Combinado,1030
20082133,2019-2020,10,Reading and Writing,490
20082133,2019-2020,10,Math,470
20082133,2019-2020,10,Combinado,960
20072007,2019-2020,10,Reading and Writing,440
20072007,2019-2020,10,Math,450
20072007,2019-2020,10,Combinado,890
20072008,2019-2020,10,Reading and Writing,410
20072008,2019-2020,10,Math,510
20072008,2019-2020,10,Combinado,920
20072058,2019-2020,10,Reading and Writing,480
20072058,2019-2020,10,Math,500
20072058,2019-2020,10,Combinado,1030
20082134,2019-2020,10,Reading and Writing,530
20082134,2019-2020,10,Math,450
20082134,2019-2020,10,Combinado,930
20191189,2019-2020,10,Reading and Writing,400
20191189,2019-2020,10,Math,470
20191189,2019-2020,10,Combinado,870
20092256,2019-2020,10,Reading and Writing,550
20092256,2019-2020,10,Math,500
20092256,2019-2020,10,Combinado,1050
20082135,2019-2020,10,Reading and Writing,550
20082135,2019-2020,10,Math,520
20082135,2019-2020,10,Combinado,1070
20170173,2019-2020,10,Reading and Writing,500
20170173,2019-2020,10,Math,400
20170173,2019-2020,10,Combinado,900
20072050,2019-2020,10,Reading and Writing,530
20072050,2019-2020,10,Math,430
20072050,2019-2020,10,Combinado,960
20072009,2019-2020,10,Reading and Writing,570
20072009,2019-2020,10,Math,520
20072009,2019-2020,10,Combinado,1090
20082052,2019-2020,10,Reading and Writing,520
20082052,2019-2020,10,Math,610
20082052,2019-2020,10,Combinado,1130
20102301,2019-2020,10,Reading and Writing,430
20102301,2019-2020,10,Math,450
20102301,2019-2020,10,Combinado,880
20082156,2019-2020,10,Reading and Writing,420
20082156,2019-2020,10,Math,410
20082156,2019-2020,10,Combinado,830
20082159,2019-2020,10,Reading and Writing,520
20082159,2019-2020,10,Math,430
20082159,2019-2020,10,Combinado,950
20072062,2019-2020,10,Reading and Writing,420
20072062,2019-2020,10,Math,440
20072062,2019-2020,10,Combinado,860
20120105,2019-2020,10,Reading and Writing,650
20120105,2019-2020,10,Math,520
20120105,2019-2020,10,Combinado,1090
20092236,2019-2020,10,Reading and Writing,570
20092236,2019-2020,10,Math,520
20092236,2019-2020,10,Combinado,1170
20072010,2019-2020,10,Reading and Writing,410
20072010,2019-2020,10,Math,470
20072010,2019-2020,10,Combinado,880
20072054,2019-2020,10,Reading and Writing,410
20072054,2019-2020,10,Math,480
20072054,2019-2020,10,Combinado,890
20072011,2019-2020,10,Reading and Writing,520
20072011,2019-2020,10,Math,500
20072011,2019-2020,10,Combinado,1020
20130063,2019-2020,10,Reading and Writing,440
20130063,2019-2020,10,Math,470
20130063,2019-2020,10,Combinado,910
20072063,2019-2020,10,Reading and Writing,460
20072063,2019-2020,10,Math,500
20072063,2019-2020,10,Combinado,960
20062017,2019-2020,10,Reading and Writing,410
20062017,2019-2020,10,Math,430
20062017,2019-2020,10,Combinado,840
20181208,2019-2020,10,Reading and Writing,470
20181208,2019-2020,10,Math,450
20181208,2019-2020,10,Combinado,920
20072013,2019-2020,10,Reading and Writing,460
20072013,2019-2020,10,Math,410
20072013,2019-2020,10,Combinado,870
20082174,2019-2020,10,Reading and Writing,390
20082174,2019-2020,10,Math,360
20082174,2019-2020,10,Combinado,750
20072052,2019-2020,10,Reading and Writing,590
20072052,2019-2020,10,Math,530
20072052,2019-2020,10,Combinado,1120
20150375,2019-2020,10,Reading and Writing,490
20150375,2019-2020,10,Math,460
20150375,2019-2020,10,Combinado,950
20072014,2019-2020,10,Reading and Writing,470
20072014,2019-2020,10,Math,460
20072014,2019-2020,10,Combinado,930
20082172,2019-2020,10,Reading and Writing,560
20082172,2019-2020,10,Math,470
20082172,2019-2020,10,Combinado,1030
20082138,2019-2020,10,Reading and Writing,370
20082138,2019-2020,10,Math,450
20082138,2019-2020,10,Combinado,820
20082154,2019-2020,10,Reading and Writing,500
20082154,2019-2020,10,Math,490
20082154,2019-2020,10,Combinado,990
20072015,2019-2020,10,Reading and Writing,610
20072015,2019-2020,10,Math,500
20072015,2019-2020,10,Combinado,1110
20072053,2019-2020,10,Reading and Writing,410
20072053,2019-2020,10,Math,430
20072053,2019-2020,10,Combinado,840
20120097,2019-2020,10,Reading and Writing,500
20120097,2019-2020,10,Math,480
20120097,2019-2020,10,Combinado,980
20161132,2019-2020,10,Reading and Writing,430
20161132,2019-2020,10,Math,470
20161132,2019-2020,10,Combinado,900
20072016,2019-2020,10,Reading and Writing,530
20072016,2019-2020,10,Math,500
20072016,2019-2020,10,Combinado,1030
20072017,2019-2020,10,Reading and Writing,410
20072017,2019-2020,10,Math,450
20072017,2019-2020,10,Combinado,860
20072018,2019-2020,10,Reading and Writing,550
20072018,2019-2020,10,Math,500
20072018,2019-2020,10,Combinado,1050
20082157,2019-2020,10,Reading and Writing,430
20082157,2019-2020,10,Math,470
20082157,2019-2020,10,Combinado,900
20072019,2019-2020,10,Reading and Writing,500
20072019,2019-2020,10,Math,490
20072019,2019-2020,10,Combinado,990
20191192,2019-2020,10,Reading and Writing,580
20191192,2019-2020,10,Math,540
20191192,2019-2020,10,Combinado,1120
20072020,2019-2020,10,Reading and Writing,480
20072020,2019-2020,10,Math,430
20072020,2019-2020,10,Combinado,910
20062030,2019-2020,10,Reading and Writing,420
20062030,2019-2020,10,Math,440
20062030,2019-2020,10,Combinado,860
20092280,2019-2020,10,Reading and Writing,320
20092280,2019-2020,10,Math,340
20092280,2019-2020,10,Combinado,660
20112302,2019-2020,10,Reading and Writing,360
20112302,2019-2020,10,Math,430
20112302,2019-2020,10,Combinado,790
20191098,2019-2020,10,Reading and Writing,470
20191098,2019-2020,10,Math,480
20191098,2019-2020,10,Combinado,950
20072021,2019-2020,10,Reading and Writing,420
20072021,2019-2020,10,Math,450
20072021,2019-2020,10,Combinado,870
20072022,2019-2020,10,Reading and Writing,510
20072022,2019-2020,10,Math,470
20072022,2019-2020,10,Combinado,980
20161097,2019-2020,10,Reading and Writing,470
20161097,2019-2020,10,Math,440
20161097,2019-2020,10,Combinado,910
20072024,2019-2020,10,Reading and Writing,690
20072024,2019-2020,10,Math,650
20072024,2019-2020,10,Combinado,1340
20082142,2019-2020,10,Reading and Writing,570
20082142,2019-2020,10,Math,530
20082142,2019-2020,10,Combinado,1100
20092269,2019-2020,10,Reading and Writing,500
20092269,2019-2020,10,Math,480
20092269,2019-2020,10,Combinado,980
20072026,2019-2020,10,Reading and Writing,500
20072026,2019-2020,10,Math,490
20072026,2019-2020,10,Combinado,990
20181207,2019-2020,10,Reading and Writing,660
20181207,2019-2020,10,Math,470
20181207,2019-2020,10,Combinado,1130
20082143,2019-2020,10,Reading and Writing,470
20082143,2019-2020,10,Math,450
20082143,2019-2020,10,Combinado,920
20082023,2020-2021,10,Reading and Writing,370
20082023,2020-2021,10,Math,680
20082023,2020-2021,10,Combinado,1050
20092159,2020-2021,10,Reading and Writing,510
20092159,2020-2021,10,Math,460
20092159,2020-2021,10,Combinado,970
20150353,2020-2021,10,Reading and Writing,510
20150353,2020-2021,10,Math,550
20150353,2020-2021,10,Combinado,1060
20082002,2020-2021,10,Reading and Writing,550
20082002,2020-2021,10,Math,590
20082002,2020-2021,10,Combinado,1140
20082003,2020-2021,10,Reading and Writing,410
20082003,2020-2021,10,Math,440
20082003,2020-2021,10,Combinado,850
20102276,2020-2021,10,Reading and Writing,560
20102276,2020-2021,10,Math,470
20102276,2020-2021,10,Combinado,1030
20092144,2020-2021,10,Reading and Writing,590
20092144,2020-2021,10,Math,500
20092144,2020-2021,10,Combinado,1090
20092153,2020-2021,10,Reading and Writing,600
20092153,2020-2021,10,Math,680
20092153,2020-2021,10,Combinado,1280
20072059,2020-2021,10,Reading and Writing,370
20072059,2020-2021,10,Math,460
20072059,2020-2021,10,Combinado,830
20082004,2020-2021,10,Reading and Writing,520
20082004,2020-2021,10,Math,750
20082004,2020-2021,10,Combinado,1270
20112303,2020-2021,10,Reading and Writing,460
20112303,2020-2021,10,Math,450
20112303,2020-2021,10,Combinado,910
20082008,2020-2021,10,Reading and Writing,470
20082008,2020-2021,10,Math,500
20082008,2020-2021,10,Combinado,970
20082053,2020-2021,10,Reading and Writing,520
20082053,2020-2021,10,Math,530
20082053,2020-2021,10,Combinado,1050
20082014,2020-2021,10,Reading and Writing,530
20082014,2020-2021,10,Math,620
20082014,2020-2021,10,Combinado,1150
20072051,2020-2021,10,Reading and Writing,480
20072051,2020-2021,10,Math,440
20072051,2020-2021,10,Combinado,920
20082013,2020-2021,10,Reading and Writing,490
20082013,2020-2021,10,Math,590
20082013,2020-2021,10,Combinado,1080
20082010,2020-2021,10,Reading and Writing,430
20082010,2020-2021,10,Math,510
20082010,2020-2021,10,Combinado,940
20092126,2020-2021,10,Reading and Writing,500
20092126,2020-2021,10,Math,490
20092126,2020-2021,10,Combinado,990
20082001,2020-2021,10,Reading and Writing,630
20082001,2020-2021,10,Math,690
20082001,2020-2021,10,Combinado,1320
20191190,2020-2021,10,Reading and Writing,450
20191190,2020-2021,10,Math,610
20191190,2020-2021,10,Combinado,1060
20082016,2020-2021,10,Reading and Writing,490
20082016,2020-2021,10,Math,410
20082016,2020-2021,10,Combinado,900
20082052,2020-2021,10,Reading and Writing,620
20082052,2020-2021,10,Math,730
20082052,2020-2021,10,Combinado,1350
20092127,2020-2021,10,Reading and Writing,480
20092127,2020-2021,10,Math,440
20092127,2020-2021,10,Combinado,920
20092101,2020-2021,10,Reading and Writing,450
20092101,2020-2021,10,Math,580
20092101,2020-2021,10,Combinado,1030
20092181,2020-2021,10,Reading and Writing,460
20092181,2020-2021,10,Math,540
20092181,2020-2021,10,Combinado,1000
20082136,2020-2021,10,Reading and Writing,420
20082136,2020-2021,10,Math,640
20082136,2020-2021,10,Combinado,1060
20092128,2020-2021,10,Reading and Writing,520
20092128,2020-2021,10,Math,410
20092128,2020-2021,10,Combinado,930
20082022,2020-2021,10,Reading and Writing,550
20082022,2020-2021,10,Math,510
20082022,2020-2021,10,Combinado,1060
20092102,2020-2021,10,Reading and Writing,490
20092102,2020-2021,10,Math,460
20092102,2020-2021,10,Combinado,950
20082049,2020-2021,10,Reading and Writing,410
20082049,2020-2021,10,Math,450
20082049,2020-2021,10,Combinado,860
20092130,2020-2021,10,Reading and Writing,640
20092130,2020-2021,10,Math,680
20092130,2020-2021,10,Combinado,1320
20082012,2020-2021,10,Reading and Writing,490
20082012,2020-2021,10,Math,490
20082012,2020-2021,10,Combinado,980
20082021,2020-2021,10,Reading and Writing,510
20082021,2020-2021,10,Math,640
20082021,2020-2021,10,Combinado,1150
20191094,2020-2021,10,Reading and Writing,500
20191094,2020-2021,10,Math,550
20191094,2020-2021,10,Combinado,1050
20082011,2020-2021,10,Reading and Writing,650
20082011,2020-2021,10,Math,670
20082011,2020-2021,10,Combinado,1320
20082098,2020-2021,10,Reading and Writing,490
20082098,2020-2021,10,Math,520
20082098,2020-2021,10,Combinado,1010
20082009,2020-2021,10,Reading and Writing,540
20082009,2020-2021,10,Math,650
20082009,2020-2021,10,Combinado,1190
20082140,2020-2021,10,Reading and Writing,350
20082140,2020-2021,10,Math,380
20082140,2020-2021,10,Combinado,730
20082027,2020-2021,10,Reading and Writing,700
20082027,2020-2021,10,Math,670
20082027,2020-2021,10,Combinado,1370
20082028,2020-2021,10,Reading and Writing,440
20082028,2020-2021,10,Math,590
20082028,2020-2021,10,Combinado,1030
20092131,2020-2021,10,Reading and Writing,580
20092131,2020-2021,10,Math,580
20092131,2020-2021,10,Combinado,1160
20082047,2020-2021,10,Reading and Writing,580
20082047,2020-2021,10,Math,570
20082047,2020-2021,10,Combinado,1150
20082051,2020-2021,10,Reading and Writing,580
20082051,2020-2021,10,Math,500
20082051,2020-2021,10,Combinado,1080
20082025,2020-2021,10,Reading and Writing,640
20082025,2020-2021,10,Math,670
20082025,2020-2021,10,Combinado,1310
20102269,2020-2021,10,Reading and Writing,490
20102269,2020-2021,10,Math,670
20102269,2020-2021,10,Combinado,1160
20092132,2020-2021,10,Reading and Writing,510
20092132,2020-2021,10,Math,430
20092132,2020-2021,10,Combinado,940
20092133,2020-2021,10,Reading and Writing,510
20092133,2020-2021,10,Math,480
20092133,2020-2021,10,Combinado,990
20082017,2020-2021,10,Reading and Writing,570
20082017,2020-2021,10,Math,580
20082017,2020-2021,10,Combinado,1150
20102283,2020-2021,10,Reading and Writing,390
20102283,2020-2021,10,Math,520
20102283,2020-2021,10,Combinado,910
20191097,2020-2021,10,Reading and Writing,630
20191097,2020-2021,10,Math,450
20191097,2020-2021,10,Combinado,1080
20092175,2020-2021,10,Reading and Writing,550
20092175,2020-2021,10,Math,480
20092175,2020-2021,10,Combinado,1030
20082018,2020-2021,10,Reading and Writing,500
20082018,2020-2021,10,Math,570
20082018,2020-2021,10,Combinado,1070
20082026,2020-2021,10,Reading and Writing,520
20082026,2020-2021,10,Math,420
20082026,2020-2021,10,Combinado,940
20082006,2020-2021,10,Reading and Writing,490
20082006,2020-2021,10,Math,730
20082006,2020-2021,10,Combinado,1220
20082048,2020-2021,10,Reading and Writing,410
20082048,2020-2021,10,Math,460
20082048,2020-2021,10,Combinado,870
20102122,2021-2022,10,Reading and Writing,560
20102122,2021-2022,10,Math,520
20102122,2021-2022,10,Combinado,1080
20102169,2021-2022,10,Reading and Writing,470
20102169,2021-2022,10,Math,520
20102169,2021-2022,10,Combinado,990
20102158,2021-2022,10,Reading and Writing,540
20102158,2021-2022,10,Math,510
20102158,2021-2022,10,Combinado,1050
20102182,2021-2022,10,Reading and Writing,460
20102182,2021-2022,10,Math,470
20102182,2021-2022,10,Combinado,930
20112201,2021-2022,10,Reading and Writing,530
20112201,2021-2022,10,Math,520
20112201,2021-2022,10,Combinado,1050
20150354,2021-2022,10,Reading and Writing,510
20150354,2021-2022,10,Math,520
20150354,2021-2022,10,Combinado,1030
20092001,2021-2022,10,Reading and Writing,410
20092001,2021-2022,10,Math,420
20092001,2021-2022,10,Combinado,830
20181119,2021-2022,10,Reading and Writing,630
20181119,2021-2022,10,Math,590
20181119,2021-2022,10,Combinado,1220
20092008,2021-2022,10,Reading and Writing,400
20092008,2021-2022,10,Math,400
20092008,2021-2022,10,Combinado,800
20082005,2021-2022,10,Reading and Writing,450
20082005,2021-2022,10,Math,430
20082005,2021-2022,10,Combinado,880
20102152,2021-2022,10,Reading and Writing,460
20102152,2021-2022,10,Math,430
20102152,2021-2022,10,Combinado,890
20102139,2021-2022,10,Reading and Writing,540
20102139,2021-2022,10,Math,510
20102139,2021-2022,10,Combinado,1050
20112202,2021-2022,10,Reading and Writing,610
20112202,2021-2022,10,Math,570
20112202,2021-2022,10,Combinado,1180
20092020,2021-2022,10,Reading and Writing,390
20092020,2021-2022,10,Math,490
20092020,2021-2022,10,Combinado,880
20210082,2021-2022,10,Reading and Writing,510
20210082,2021-2022,10,Math,520
20210082,2021-2022,10,Combinado,1030
20092026,2021-2022,10,Reading and Writing,530
20092026,2021-2022,10,Math,490
20092026,2021-2022,10,Combinado,1020
20092040,2021-2022,10,Reading and Writing,520
20092040,2021-2022,10,Math,510
20092040,2021-2022,10,Combinado,1030
20092171,2021-2022,10,Reading and Writing,420
20092171,2021-2022,10,Math,430
20092171,2021-2022,10,Combinado,850
20092027,2021-2022,10,Reading and Writing,480
20092027,2021-2022,10,Math,390
20092027,2021-2022,10,Combinado,870
20082020,2021-2022,10,Reading and Writing,380
20082020,2021-2022,10,Math,510
20082020,2021-2022,10,Combinado,890
20102145,2021-2022,10,Reading and Writing,440
20102145,2021-2022,10,Math,470
20102145,2021-2022,10,Combinado,910
20102144,2021-2022,10,Reading and Writing,520
20102144,2021-2022,10,Math,510
20102144,2021-2022,10,Combinado,1030
20102115,2021-2022,10,Reading and Writing,350
20102115,2021-2022,10,Math,480
20102115,2021-2022,10,Combinado,830
20092041,2021-2022,10,Reading and Writing,630
20092041,2021-2022,10,Math,570
20092041,2021-2022,10,Combinado,1200
20102141,2021-2022,10,Reading and Writing,370
20102141,2021-2022,10,Math,500
20102141,2021-2022,10,Combinado,870
20092037,2021-2022,10,Reading and Writing,650
20092037,2021-2022,10,Math,710
20092037,2021-2022,10,Combinado,1360
20092005,2021-2022,10,Reading and Writing,470
20092005,2021-2022,10,Math,480
20092005,2021-2022,10,Combinado,950
20120106,2021-2022,10,Reading and Writing,570
20120106,2021-2022,10,Math,570
20120106,2021-2022,10,Combinado,1140
20092006,2021-2022,10,Reading and Writing,520
20092006,2021-2022,10,Math,520
20092006,2021-2022,10,Combinado,1040
20092042,2021-2022,10,Reading and Writing,520
20092042,2021-2022,10,Math,540
20092042,2021-2022,10,Combinado,1060
20092043,2021-2022,10,Reading and Writing,370
20092043,2021-2022,10,Math,480
20092043,2021-2022,10,Combinado,850
20092007,2021-2022,10,Reading and Writing,480
20092007,2021-2022,10,Math,510
20092007,2021-2022,10,Combinado,990
20102186,2021-2022,10,Reading and Writing,470
20102186,2021-2022,10,Math,460
20102186,2021-2022,10,Combinado,930
20181189,2021-2022,10,Reading and Writing,420
20181189,2021-2022,10,Math,510
20181189,2021-2022,10,Combinado,930
20092021,2021-2022,10,Reading and Writing,480
20092021,2021-2022,10,Math,420
20092021,2021-2022,10,Combinado,900
20092010,2021-2022,10,Reading and Writing,480
20092010,2021-2022,10,Math,520
20092010,2021-2022,10,Combinado,1000
20092073,2021-2022,10,Reading and Writing,580
20092073,2021-2022,10,Math,570
20092073,2021-2022,10,Combinado,1150
20102106,2021-2022,10,Reading and Writing,420
20102106,2021-2022,10,Math,490
20102106,2021-2022,10,Combinado,910
20102163,2021-2022,10,Reading and Writing,510
20102163,2021-2022,10,Math,480
20102163,2021-2022,10,Combinado,990
20102148,2021-2022,10,Reading and Writing,630
20102148,2021-2022,10,Math,500
20102148,2021-2022,10,Combinado,1130
20092028,2021-2022,10,Reading and Writing,540
20092028,2021-2022,10,Math,550
20092028,2021-2022,10,Combinado,1090
20092060,2021-2022,10,Reading and Writing,560
20092060,2021-2022,10,Math,550
20092060,2021-2022,10,Combinado,1110
20102146,2021-2022,10,Reading and Writing,420
20102146,2021-2022,10,Math,430
20102146,2021-2022,10,Combinado,850
20181192,2021-2022,10,Reading and Writing,470
20181192,2021-2022,10,Math,500
20181192,2021-2022,10,Combinado,970
20102157,2021-2022,10,Reading and Writing,570
20102157,2021-2022,10,Math,500
20102157,2021-2022,10,Combinado,1070
20102135,2021-2022,10,Reading and Writing,420
20102135,2021-2022,10,Math,510
20102135,2021-2022,10,Combinado,930
20102156,2021-2022,10,Reading and Writing,670
20102156,2021-2022,10,Math,610
20102156,2021-2022,10,Combinado,1280
20102107,2021-2022,10,Reading and Writing,590
20102107,2021-2022,10,Math,570
20102107,2021-2022,10,Combinado,1160
20092045,2021-2022,10,Reading and Writing,430
20092045,2021-2022,10,Math,490
20092045,2021-2022,10,Combinado,920
20140073,2021-2022,10,Reading and Writing,690
20140073,2021-2022,10,Math,740
20140073,2021-2022,10,Combinado,1430
20092011,2021-2022,10,Reading and Writing,520
20092011,2021-2022,10,Math,480
20092011,2021-2022,10,Combinado,1000
20092022,2021-2022,10,Reading and Writing,600
20092022,2021-2022,10,Math,510
20092022,2021-2022,10,Combinado,1110
20092025,2021-2022,10,Reading and Writing,670
20092025,2021-2022,10,Math,570
20092025,2021-2022,10,Combinado,1240
20120070,2021-2022,10,Reading and Writing,560
20120070,2021-2022,10,Math,500
20120070,2021-2022,10,Combinado,1060
20092012,2021-2022,10,Reading and Writing,530
20092012,2021-2022,10,Math,500
20092012,2021-2022,10,Combinado,1030
20092013,2021-2022,10,Reading and Writing,590
20092013,2021-2022,10,Math,520
20092013,2021-2022,10,Combinado,1110
20092014,2021-2022,10,Reading and Writing,440
20092014,2021-2022,10,Math,510
20092014,2021-2022,10,Combinado,950
20082015,2021-2022,10,Reading and Writing,450
20082015,2021-2022,10,Math,480
20082015,2021-2022,10,Combinado,930
20120096,2021-2022,10,Reading and Writing,400
20120096,2021-2022,10,Math,430
20120096,2021-2022,10,Combinado,830
20082019,2021-2022,10,Reading and Writing,400
20082019,2021-2022,10,Math,440
20082019,2021-2022,10,Combinado,840
20092018,2021-2022,10,Reading and Writing,560
20092018,2021-2022,10,Math,530
20092018,2021-2022,10,Combinado,1090
20092016,2021-2022,10,Reading and Writing,520
20092016,2021-2022,10,Math,500
20092016,2021-2022,10,Combinado,1020
20092070,2021-2022,10,Reading and Writing,400
20092070,2021-2022,10,Math,510
20092070,2021-2022,10,Combinado,910
20092015,2021-2022,10,Reading and Writing,650
20092015,2021-2022,10,Math,540
20092015,2021-2022,10,Combinado,1190
20210065,2021-2022,10,Reading and Writing,520
20210065,2021-2022,10,Math,550
20210065,2021-2022,10,Combinado,1070
20092054,2021-2022,10,Reading and Writing,490
20092054,2021-2022,10,Math,460
20092054,2021-2022,10,Combinado,950
